browL_height,browL_tri_area,browR_height,browR_tri_area,brow_l_area,brow_l_disp,brow_l_perim,brow_l_vel,brow_r_area,brow_r_disp,brow_r_perim,brow_r_vel,eyeL_open,eyeR_open,eye_l_area,eye_l_disp,eye_l_perim,eye_l_vel,eye_r_area,eye_r_disp,eye_r_perim,eye_r_vel,lipCornerL_height,lipCornerR_height,lip_press,lips_in_area,lips_in_disp,lips_in_perim,lips_in_vel,lips_out_area,lips_out_disp,lips_out_perim,lips_out_vel,mouth_corners_area,mouth_corners_disp,mouth_corners_perim,mouth_corners_vel,mouth_open,mouth_tri_area,nose_stable_area,nose_stable_disp,nose_stable_perim,nose_stable_vel,oval_area,oval_disp,oval_perim,oval_vel,t,evt_brow_l_vel,evt_lipCornerL_height,evt_lips_out_disp,evt_mouth_corners_disp,evt_brow_r_vel,evt_eye_l_vel,evt_eye_r_vel,evt_lipCornerR_height,evt_lip_press,evt_lips_in_disp,evt_mouth_open
25.26634691450712,36.55348159541322,26.39148504424808,0.9027631571626124,353.70671265107154,5.3054633,168.89938433857918,33.535095,171.85987056484262,4.4342904,100.34953611619676,28.028534,14.594455518323143,15.092379609823197,389.17801869108484,3.5012763,103.38996496915102,22.13108,320.2382936515877,2.8567417,83.6497334426833,18.057066,58.092698716906796,39.08508664647177,0.15736751454022893,6.5598964383256515,0.734948,128.25774513875382,4.645504,736.0462747081841,0.8931788,151.0229680267158,5.6456585,8.23518099524255,1.3252811,355.5793639672404,8.376918,21.573485248568073,105.55415317199427,170.93002878500818,2.7633789,161.8696905429057,17.466934,42336.71631545163,5.547102,758.8521505351446,35.06246,1760990542153.6458,0.0,0.0,0.0,0.0,0.0,0.0,0.0,0.0,0.0,0.0,0.0
25.26634691450712,36.55348159541322,26.39148504424808,0.9027631571626124,353.70671265107154,5.3054633,168.89938433857918,33.535095,171.85987056484262,4.4342904,100.34953611619676,28.028534,14.594455518323143,15.092379609823197,389.17801869108484,3.5012763,103.38996496915102,22.13108,320.2382936515877,2.8567417,83.6497334426833,18.057066,58.092698716906796,39.08508664647177,0.15736751454022893,6.5598964383256515,0.734948,128.25774513875382,4.645504,736.0462747081841,0.8931788,151.0229680267158,5.6456585,8.23518099524255,1.3252811,355.5793639672404,8.376918,21.573485248568073,105.55415317199427,170.93002878500818,2.7633789,161.8696905429057,17.466934,42336.71631545163,5.547102,758.8521505351446,35.06246,1760990542153.6458,0.0,0.0,0.0,0.0,0.0,0.0,0.0,0.0,0.0,0.0,0.0
23.40662324896294,36.38796390970264,26.128929173778946,0.13591442350584004,353.886437554267,0.621895,167.1072603955653,12.635264,161.1411898620066,1.640384,100.35726398655912,33.328274,14.861923440196767,14.016855907374133,392.25178850658074,2.0345633,103.42661402160974,41.336956,282.7694064217384,1.5209656,80.68661914156036,30.902004,57.7923074148109,39.20601980655172,0.23862116305933245,4.732707660080508,1.0099041,127.42463684806307,20.518585,780.3831979735421,0.87677485,151.32612437072382,17.813751,7.620528444319949,0.64413136,353.0622447536324,13.0870495,22.18539641403898,114.64446821518551,169.12121446414568,0.46112183,162.04155843668585,9.368777,42073.33654232055,1.2374597,756.2761987234812,25.14191,1760990542202.8647,1.0,1.0,1.0,1.0,0.0,0.0,0.0,0.0,0.0,0.0,0.0
23.40662324896294,36.38796390970264,26.128929173778946,0.13591442350584004,353.886437554267,0.621895,167.1072603955653,12.635264,161.1411898620066,1.640384,100.35726398655912,33.328274,14.861923440196767,14.016855907374133,392.25178850658074,2.0345633,103.42661402160974,41.336956,282.7694064217384,1.5209656,80.68661914156036,30.902004,57.7923074148109,39.20601980655172,0.23862116305933245,4.732707660080508,1.0099041,127.42463684806307,20.518585,780.3831979735421,0.87677485,151.32612437072382,17.813751,7.620528444319949,0.64413136,353.0622447536324,13.0870495,22.18539641403898,114.64446821518551,169.12121446414568,0.46112183,162.04155843668585,9.368777,42073.33654232055,1.2374597,756.2761987234812,25.14191,1760990542202.8647,1.0,1.0,1.0,1.0,0.0,0.0,0.0,0.0,0.0,0.0,0.0
22.79551902759017,33.91289506932008,26.096340235191516,2.8666992832007923,335.76324801863944,0.39223886,166.2385457717941,4.6429124,143.01343315931732,0.78366643,101.76557442344576,9.276223,15.115003293779532,13.77530289139711,396.5177165644187,0.29425642,103.72103010309655,3.4830995,275.25009440911913,0.76934946,79.21389761690936,9.106754,58.906256667436836,37.98255362353593,0.1663768172022314,9.37400622313215,0.5621277,127.26723800700644,6.653879,740.7034444315108,0.682248,150.46995597584552,8.075738,7.835868743237716,0.98959225,352.53330682232627,11.713757,21.623278666486723,109.77324332611695,165.94227592401916,0.38121974,162.79347653142094,4.51248,41965.868104382236,0.5981592,756.3989558587725,7.0803823,1760990542287.346,0.0,0.0,0.0,0.0,1.0,1.0,1.0,1.0,1.0,1.0,1.0
22.79551902759017,33.91289506932008,26.096340235191516,2.8666992832007923,335.76324801863944,0.39223886,166.2385457717941,4.6429124,143.01343315931732,0.78366643,101.76557442344576,9.276223,15.115003293779532,13.77530289139711,396.5177165644187,0.29425642,103.72103010309655,3.4830995,275.25009440911913,0.76934946,79.21389761690936,9.106754,58.906256667436836,37.98255362353593,0.1663768172022314,9.37400622313215,0.5621277,127.26723800700644,6.653879,740.7034444315108,0.682248,150.46995597584552,8.075738,7.835868743237716,0.98959225,352.53330682232627,11.713757,21.623278666486723,109.77324332611695,165.94227592401916,0.38121974,162.79347653142094,4.51248,41965.868104382236,0.5981592,756.3989558587725,7.0803823,1760990542287.346,0.0,0.0,0.0,0.0,1.0,1.0,1.0,1.0,1.0,1.0,1.0
22.443841554928852,33.08915844533861,24.803576209556116,3.8184436888925117,327.12153939897985,0.42012173,163.95940869782385,5.054393,138.66743746699774,1.211744,101.49123111356202,14.578228,15.709757363081838,13.96989849000459,408.41971477014073,0.64992225,103.02878010579634,7.819073,283.03744127789867,0.5100964,79.48102514759067,6.136858,58.204368890580724,37.887595711280476,0.15606176451790427,13.193407515267998,0.33326578,126.76868482867094,4.009448,742.2550938324835,0.28291863,150.0105150275746,3.4037323,6.016881024275817,0.30114314,351.41867793233945,3.6229877,21.55057131096349,101.820996137711,157.85234656030028,0.48940665,161.26308777714502,5.8879447,41671.734901486445,0.79923695,754.4525766801177,9.615446,1760990542370.466,0.0,1.0,0.0,1.0,0.0,0.0,0.0,0.0,0.0,0.0,0.0
22.443841554928852,33.08915844533861,24.803576209556116,3.8184436888925117,327.12153939897985,0.42012173,163.95940869782385,5.054393,138.66743746699774,1.211744,101.49123111356202,14.578228,15.709757363081838,13.96989849000459,408.41971477014073,0.64992225,103.02878010579634,7.819073,283.03744127789867,0.5100964,79.48102514759067,6.136858,58.204368890580724,37.887595711280476,0.15606176451790427,13.193407515267998,0.33326578,126.76868482867094,4.009448,742.2550938324835,0.28291863,150.0105150275746,3.4037323,6.016881024275817,0.30114314,351.41867793233945,3.6229877,21.55057131096349,101.820996137711,157.85234656030028,0.48940665,161.26308777714502,5.8879447,41671.734901486445,0.79923695,754.4525766801177,9.615446,1760990542370.466,0.0,1.0,0.0,1.0,0.0,0.0,0.0,0.0,0.0,0.0,0.0
23.07096806623932,34.46668084007786,23.827902421679486,5.712607549761955,330.3157705157211,1.079011,165.76700325978325,12.75462,135.9650997643967,1.3014296,104.14631487145974,15.383756,16.52943572761844,15.23650599030458,437.4208195487637,0.37563705,104.30236633260527,4.4402776,323.2779859925226,1.4317429,83.5560679312165,16.924145,58.025827951711555,39.94828417175384,0.1487017129922582,7.701279360402404,0.71828985,129.64557776905997,8.49066,787.3748524335109,0.970906,153.406395783363,11.476749,7.33793694955265,0.6259793,359.321783810344,7.3994875,22.18511788188925,113.09047964940916,171.79777034743827,0.8035571,163.1144045904303,9.498574,42154.733746850536,1.045123,757.3549471916523,12.354042,1760990542455.0637,0.0,0.0,0.0,0.0,0.0,0.0,0.0,0.0,0.0,0.0,0.0
23.07096806623932,34.46668084007786,23.827902421679486,5.712607549761955,330.3157705157211,1.079011,165.76700325978325,12.75462,135.9650997643967,1.3014296,104.14631487145974,15.383756,16.52943572761844,15.23650599030458,437.4208195487637,0.37563705,104.30236633260527,4.4402776,323.2779859925226,1.4317429,83.5560679312165,16.924145,58.025827951711555,39.94828417175384,0.1487017129922582,7.701279360402404,0.71828985,129.64557776905997,8.49066,787.3748524335109,0.970906,153.406395783363,11.476749,7.33793694955265,0.6259793,359.321783810344,7.3994875,22.18511788188925,113.09047964940916,171.79777034743827,0.8035571,163.1144045904303,9.498574,42154.733746850536,1.045123,757.3549471916523,12.354042,1760990542455.0637,0.0,0.0,0.0,0.0,0.0,0.0,0.0,0.0,0.0,0.0,0.0
23.939402427147318,31.03904954229705,25.189314872883013,1.675502875777753,303.8019618428288,1.4105083,163.35387590139493,8.24455,180.40796090278957,3.5558083,102.1445610234473,20.784021,16.803949565824546,15.593077176411505,463.94935576918436,1.4895469,106.6850720109218,8.706537,348.6584193345877,1.1727636,85.6167724866174,6.85491,59.918995665244644,37.72888028871749,0.21760052898885812,9.588852331326931,0.6274539,131.09292472148746,3.6675253,761.5253435932486,0.92795527,154.30826113480762,5.423983,7.787310378168538,1.5261824,363.40730807348785,8.920675,21.76343572142826,118.10930383735004,152.36395783195726,0.6005075,163.9331712618916,3.510021,41421.59498674561,1.9817786,749.7389144252986,11.583675,1760990542626.1475,0.0,0.0,0.0,0.0,0.0,0.0,0.0,0.0,0.0,0.0,0.0
23.939402427147318,31.03904954229705,25.189314872883013,1.675502875777753,303.8019618428288,1.4105083,163.35387590139493,8.24455,180.40796090278957,3.5558083,102.1445610234473,20.784021,16.803949565824546,15.593077176411505,463.94935576918436,1.4895469,106.6850720109218,8.706537,348.6584193345877,1.1727636,85.6167724866174,6.85491,59.918995665244644,37.72888028871749,0.21760052898885812,9.588852331326931,0.6274539,131.09292472148746,3.6675253,761.5253435932486,0.92795527,154.30826113480762,5.423983,7.787310378168538,1.5261824,363.40730807348785,8.920675,21.76343572142826,118.10930383735004,152.36395783195726,0.6005075,163.9331712618916,3.510021,41421.59498674561,1.9817786,749.7389144252986,11.583675,1760990542626.1475,0.0,0.0,0.0,0.0,0.0,0.0,0.0,0.0,0.0,0.0,0.0
22.27600812100902,30.55176592636132,23.135363854469254,3.600038635007623,311.62345336098946,2.1842937,164.64892343348046,24.731977,144.82279368716394,1.9339212,97.81862048865207,21.8971,16.27425403741303,16.172329275803484,426.3307248515283,0.97498,102.3775689803772,11.0393505,345.56197056586325,1.4937706,84.2168694743756,16.913431,58.05363497903534,37.38653726557733,0.1484322479714255,16.5888947952871,0.8345672,123.96732142973623,9.449507,774.5678240763282,0.764336,148.05179435481986,8.654304,3.9991431326794804,1.5743527,343.78710549285296,17.825836,22.446216282749734,94.92806618921861,133.13313958346046,0.47766745,158.89761587094063,5.4084578,41665.03982102869,2.351244,754.652317296701,26.622295,1760990542714.466,0.0,1.0,0.0,0.0,0.0,0.0,0.0,0.0,0.0,0.0,0.0
22.27600812100902,30.55176592636132,23.135363854469254,3.600038635007623,311.62345336098946,2.1842937,164.64892343348046,24.731977,144.82279368716394,1.9339212,97.81862048865207,21.8971,16.27425403741303,16.172329275803484,426.3307248515283,0.97498,102.3775689803772,11.0393505,345.56197056586325,1.4937706,84.2168694743756,16.913431,58.05363497903534,37.38653726557733,0.1484322479714255,16.5888947952871,0.8345672,123.96732142973623,9.449507,774.5678240763282,0.764336,148.05179435481986,8.654304,3.9991431326794804,1.5743527,343.78710549285296,17.825836,22.446216282749734,94.92806618921861,133.13313958346046,0.47766745,158.89761587094063,5.4084578,41665.03982102869,2.351244,754.652317296701,26.622295,1760990542714.466,0.0,1.0,0.0,0.0,0.0,0.0,0.0,0.0,0.0,0.0,0.0
22.633032935243296,30.814176846590843,25.534804173873802,2.582362222197892,313.295228176671,2.651875,164.8579867614964,27.707762,163.06064748236938,1.487107,97.36842699713009,15.537838,17.58299666363688,15.080390013105369,495.71862169525497,1.5591781,109.29156569483274,16.290865,323.1167980687332,1.2706342,83.13659298779011,13.2760515,58.398384946980606,38.254535195754755,0.12455938795319096,13.906751024803349,1.6820034,127.4958316596948,17.574188,755.8013474908247,1.8003256,150.69695994304712,18.810463,6.258232679042,1.2316161,353.26009960914706,12.868376,22.013277666206342,101.77430509763938,149.16168517278575,0.6633653,161.12118011220778,6.931083,41866.7938569114,1.9234632,754.4082565101288,20.097048,1760990542810.1748,0.0,0.0,0.0,0.0,0.0,0.0,0.0,0.0,0.0,0.0,0.0
22.633032935243296,30.814176846590843,25.534804173873802,2.582362222197892,313.295228176671,2.651875,164.8579867614964,27.707762,163.06064748236938,1.487107,97.36842699713009,15.537838,17.58299666363688,15.080390013105369,495.71862169525497,1.5591781,109.29156569483274,16.290865,323.1167980687332,1.2706342,83.13659298779011,13.2760515,58.398384946980606,38.254535195754755,0.12455938795319096,13.906751024803349,1.6820034,127.4958316596948,17.574188,755.8013474908247,1.8003256,150.69695994304712,18.810463,6.258232679042,1.2316161,353.26009960914706,12.868376,22.013277666206342,101.77430509763938,149.16168517278575,0.6633653,161.12118011220778,6.931083,41866.7938569114,1.9234632,754.4082565101288,20.097048,1760990542810.1748,0.0,0.0,0.0,0.0,0.0,0.0,0.0,0.0,0.0,0.0,0.0
22.14319747457059,33.99396821566441,25.68745074939697,2.881674066009074,332.1056563078505,0.83032054,168.12941283936888,8.28488,153.82219384847704,2.4776907,94.09196210774509,24.722223,16.678494067238155,15.428598566947436,467.7482168662768,0.63008714,108.82825031496382,6.2869644,330.3098046428154,2.424045,82.84560598515236,24.18695,56.73912660092503,36.523544114842196,0.4884661500868862,36.16699124123265,2.3222175,121.68402309409429,23.170921,742.6250413131997,1.4907119,145.38394355115233,14.874218,2.8610570423686434,1.9563416,339.01642848471874,19.520239,23.12188160190273,54.029895975029504,134.9503693384984,1.2717435,160.66884852796179,12.689367,41406.405778753215,2.7093358,752.212408785571,27.033562,1760990542910.396,0.0,0.0,0.0,0.0,0.0,0.0,0.0,0.0,0.0,0.0,0.0
22.14319747457059,33.99396821566441,25.68745074939697,2.881674066009074,332.1056563078505,0.83032054,168.12941283936888,8.28488,153.82219384847704,2.4776907,94.09196210774509,24.722223,16.678494067238155,15.428598566947436,467.7482168662768,0.63008714,108.82825031496382,6.2869644,330.3098046428154,2.424045,82.84560598515236,24.18695,56.73912660092503,36.523544114842196,0.4884661500868862,36.16699124123265,2.3222175,121.68402309409429,23.170921,742.6250413131997,1.4907119,145.38394355115233,14.874218,2.8610570423686434,1.9563416,339.01642848471874,19.520239,23.12188160190273,54.029895975029504,134.9503693384984,1.2717435,160.66884852796179,12.689367,41406.405778753215,2.7093358,752.212408785571,27.033562,1760990542910.396,0.0,0.0,0.0,0.0,0.0,0.0,0.0,0.0,0.0,0.0,0.0
21.874132622106423,31.3422146800595,26.369055731920934,1.5276984337743589,319.552116133449,0.82569313,165.95012175718753,8.258262,169.05758711623608,0.9560752,95.35116359093648,9.562293,17.15338559650385,15.805163332995601,473.06916313949273,1.330303,108.16914707986707,13.305173,354.287084766998,0.60894537,85.85847852524009,6.090435,58.01418533020475,36.283142143382,0.6866205034361346,51.84913715697399,0.5030915,122.45042673897638,5.031726,797.9102059886357,0.8543235,147.31017942575073,8.544613,7.829760885352501,0.656478,341.3287072630291,6.565838,24.24360768401987,30.5370981974766,120.50923150896952,0.79368377,161.169067042848,7.938117,40989.58121090888,1.0025927,748.9915917239106,10.027542,1760990543010.38,0.0,0.0,1.0,0.0,0.0,0.0,0.0,0.0,0.0,1.0,0.0
21.874132622106423,31.3422146800595,26.369055731920934,1.5276984337743589,319.552116133449,0.82569313,165.95012175718753,8.258262,169.05758711623608,0.9560752,95.35116359093648,9.562293,17.15338559650385,15.805163332995601,473.06916313949273,1.330303,108.16914707986707,13.305173,354.287084766998,0.60894537,85.85847852524009,6.090435,58.01418533020475,36.283142143382,0.6866205034361346,51.84913715697399,0.5030915,122.45042673897638,5.031726,797.9102059886357,0.8543235,147.31017942575073,8.544613,7.829760885352501,0.656478,341.3287072630291,6.565838,24.24360768401987,30.5370981974766,120.50923150896952,0.79368377,161.169067042848,7.938117,40989.58121090888,1.0025927,748.9915917239106,10.027542,1760990543010.38,0.0,0.0,1.0,0.0,0.0,0.0,0.0,0.0,0.0,1.0,0.0
23.23184810975528,31.37352248074237,24.47682103137602,0.9014743751816553,319.2801460235874,0.930856,164.08780922064946,9.30295,168.6348568257375,1.3765002,96.73959887903479,13.756708,17.23133054009906,15.964866975279394,485.8342405642782,1.0917834,109.91657085906238,10.911254,350.5979937129521,0.38035113,83.55331046154585,3.801219,57.29991328737211,35.58625504469156,0.6029670004365923,43.55349002125105,1.2152944,116.44884592046743,12.14562,790.1766036447132,1.8670182,142.17196622411248,18.658932,5.419483138769983,1.2326814,324.4455817756314,12.319386,25.045814171395293,40.8917332113969,126.61676034450262,0.6082116,159.07720640227652,6.07845,40713.06517892795,0.91355604,746.1125080365385,9.130054,1760990543110.4402,0.0,0.0,0.0,0.0,0.0,0.0,0.0,0.0,0.0,0.0,0.0
23.23184810975528,31.37352248074237,24.47682103137602,0.9014743751816553,319.2801460235874,0.930856,164.08780922064946,9.30295,168.6348568257375,1.3765002,96.73959887903479,13.756708,17.23133054009906,15.964866975279394,485.8342405642782,1.0917834,109.91657085906238,10.911254,350.5979937129521,0.38035113,83.55331046154585,3.801219,57.29991328737211,35.58625504469156,0.6029670004365923,43.55349002125105,1.2152944,116.44884592046743,12.14562,790.1766036447132,1.8670182,142.17196622411248,18.658932,5.419483138769983,1.2326814,324.4455817756314,12.319386,25.045814171395293,40.8917332113969,126.61676034450262,0.6082116,159.07720640227652,6.07845,40713.06517892795,0.91355604,746.1125080365385,9.130054,1760990543110.4402,0.0,0.0,0.0,0.0,0.0,0.0,0.0,0.0,0.0,0.0,0.0
22.05791213699429,40.88522152831555,25.201134950544645,5.282906586957768,364.71398888318856,4.220719,174.10210401480447,40.711903,135.0177431848793,4.441517,91.38909091202699,42.841656,15.906213498177955,16.479851761280738,474.10401757899285,4.134053,110.05636802716747,39.875946,334.9583852629046,3.2308245,80.66498033437584,31.163649,61.33434306529254,31.033731542645874,0.3262327560922201,23.189649760993262,4.486229,116.14080988108432,43.27294,817.7667386117816,4.0047293,144.5473006096666,38.628525,2.8730881728227433,3.013638,322.13597084842,29.068727,24.96191326405564,71.88028322281927,54.19425402706696,3.2545018,162.76710499965387,31.392035,41117.20566502362,6.9531016,754.0907618188531,67.06772,1760990543214.113,0.0,0.0,0.0,0.0,0.0,0.0,0.0,0.0,1.0,0.0,0.0
22.05791213699429,40.88522152831555,25.201134950544645,5.282906586957768,364.71398888318856,4.220719,174.10210401480447,40.711903,135.0177431848793,4.441517,91.38909091202699,42.841656,15.906213498177955,16.479851761280738,474.10401757899285,4.134053,110.05636802716747,39.875946,334.9583852629046,3.2308245,80.66498033437584,31.163649,61.33434306529254,31.033731542645874,0.3262327560922201,23.189649760993262,4.486229,116.14080988108432,43.27294,817.7667386117816,4.0047293,144.5473006096666,38.628525,2.8730881728227433,3.013638,322.13597084842,29.068727,24.96191326405564,71.88028322281927,54.19425402706696,3.2545018,162.76710499965387,31.392035,41117.20566502362,6.9531016,754.0907618188531,67.06772,1760990543214.113,0.0,0.0,0.0,0.0,0.0,0.0,0.0,0.0,1.0,0.0,0.0
23.82530256077984,42.08155625757699,28.576516880990606,0.0011253047006225384,392.6088955979459,8.137635,172.85011022387906,67.528824,146.38128296190098,9.443428,81.97985369407743,78.36473,14.683179041745511,14.789074244317087,428.42282829009343,7.358736,107.3722820275014,61.065254,304.39300923589883,7.475547,78.56973078227664,62.034595,56.316614101617105,28.304587604129186,0.2499039336058037,14.373774363695617,10.843923,117.22041226669752,89.986496,671.4137998295713,11.722202,142.69393715606105,97.274765,22.27050080872305,11.187893,320.4595803568063,92.84088,24.104718998888405,181.76573171491026,27.787288716193334,3.6621563,159.81495874714304,30.389801,39932.17909068154,12.648675,751.5217389466627,104.962944,1760990543334.6191,0.0,1.0,0.0,0.0,0.0,0.0,0.0,0.0,0.0,0.0,0.0
23.82530256077984,42.08155625757699,28.576516880990606,0.0011253047006225384,392.6088955979459,8.137635,172.85011022387906,67.528824,146.38128296190098,9.443428,81.97985369407743,78.36473,14.683179041745511,14.789074244317087,428.42282829009343,7.358736,107.3722820275014,61.065254,304.39300923589883,7.475547,78.56973078227664,62.034595,56.316614101617105,28.304587604129186,0.2499039336058037,14.373774363695617,10.843923,117.22041226669752,89.986496,671.4137998295713,11.722202,142.69393715606105,97.274765,22.27050080872305,11.187893,320.4595803568063,92.84088,24.104718998888405,181.76573171491026,27.787288716193334,3.6621563,159.81495874714304,30.389801,39932.17909068154,12.648675,751.5217389466627,104.962944,1760990543334.6191,0.0,1.0,0.0,0.0,0.0,0.0,0.0,0.0,0.0,0.0,0.0
22.157897528974065,36.8398243460017,21.1898530842035,1.3452415556523254,339.79656208939326,2.2384245,176.4003478519372,19.39551,159.80002132527247,10.283756,100.05859206826806,89.10673,14.87070182120334,13.795510833268677,422.5697542429704,3.4237244,109.89317938957487,29.6659,263.31202534605217,7.2238398,73.00372572080144,62.593155,55.20757426741039,31.080924891167868,0.6360210373897722,14.289405487133042,8.565381,129.24083368072704,74.21735,771.7169872041281,6.0634794,155.04302422219135,52.538864,14.963397505230398,5.8473277,359.55034387602416,50.66595,24.786767049155902,132.27961870377914,71.66781792435228,5.716306,170.2134514631866,49.53067,43327.2282668275,10.15565,769.8331348156828,87.99671,1760990543450.0286,1.0,0.0,0.0,0.0,0.0,1.0,0.0,0.0,0.0,0.0,0.0
22.157897528974065,36.8398243460017,21.1898530842035,1.3452415556523254,339.79656208939326,2.2384245,176.4003478519372,19.39551,159.80002132527247,10.283756,100.05859206826806,89.10673,14.87070182120334,13.795510833268677,422.5697542429704,3.4237244,109.89317938957487,29.6659,263.31202534605217,7.2238398,73.00372572080144,62.593155,55.20757426741039,31.080924891167868,0.6360210373897722,14.289405487133042,8.565381,129.24083368072704,74.21735,771.7169872041281,6.0634794,155.04302422219135,52.538864,14.963397505230398,5.8473277,359.55034387602416,50.66595,24.786767049155902,132.27961870377914,71.66781792435228,5.716306,170.2134514631866,49.53067,43327.2282668275,10.15565,769.8331348156828,87.99671,1760990543450.0286,1.0,0.0,0.0,0.0,0.0,1.0,0.0,0.0,0.0,0.0,0.0
23.444492798462978,30.571181723677952,24.491552716197745,2.2159406410258407,287.02168248586315,10.261322,152.96099911503705,88.36724,231.385898110054,21.223955,127.39857654927754,182.77394,15.0062665712167,15.669562689610252,385.59448656333075,12.0169325,99.97981137367455,103.48599,376.3925689758304,15.562794,95.18616790268065,134.02182,50.19952664715927,40.94592001557499,0.0375524052700408,17.792084273837318,14.195003,135.3119173444459,122.24284,759.9722243453293,13.169588,157.21848103558276,113.41231,1.0261628019515754,12.283957,379.08617057307447,105.78552,22.20832423706757,68.68792461461635,311.63380261267093,11.463365,171.48954718144026,98.71884,43735.670370077314,21.668156,758.3781123324868,186.59926,1760990543566.15,0.0,0.0,0.0,0.0,0.0,0.0,0.0,0.0,0.0,0.0,0.0
23.444492798462978,30.571181723677952,24.491552716197745,2.2159406410258407,287.02168248586315,10.261322,152.96099911503705,88.36724,231.385898110054,21.223955,127.39857654927754,182.77394,15.0062665712167,15.669562689610252,385.59448656333075,12.0169325,99.97981137367455,103.48599,376.3925689758304,15.562794,95.18616790268065,134.02182,50.19952664715927,40.94592001557499,0.0375524052700408,17.792084273837318,14.195003,135.3119173444459,122.24284,759.9722243453293,13.169588,157.21848103558276,113.41231,1.0261628019515754,12.283957,379.08617057307447,105.78552,22.20832423706757,68.68792461461635,311.63380261267093,11.463365,171.48954718144026,98.71884,43735.670370077314,21.668156,758.3781123324868,186.59926,1760990543566.15,0.0,0.0,0.0,0.0,0.0,0.0,0.0,0.0,0.0,0.0,0.0
22.05340871978861,33.66361905714521,22.19677288145198,2.1240214760943052,327.2698945787231,6.2966046,165.73685680961108,52.30071,175.03206513679822,10.807633,115.5167077150414,89.77011,13.41032410500759,15.938054003644297,346.27096882394244,7.613097,99.03337855493443,63.23573,348.61034628824353,8.633593,87.330128350589,71.71214,53.56845857716198,37.17349458857513,1.5298954610388522,73.22604133231877,8.589945,132.20254930818427,71.349594,878.4852197852633,8.287483,158.63846821556228,68.837296,5.231271214140609,7.5763206,370.323884611719,62.930256,26.68516615440707,20.543611210199465,236.75518763083255,5.4567103,171.2649373141243,45.3244,43904.81711827847,11.439751,762.6108699452745,95.02059,1760990543686.5422,0.0,0.0,0.0,0.0,0.0,0.0,0.0,0.0,0.0,0.0,0.0
22.05340871978861,33.66361905714521,22.19677288145198,2.1240214760943052,327.2698945787231,6.2966046,165.73685680961108,52.30071,175.03206513679822,10.807633,115.5167077150414,89.77011,13.41032410500759,15.938054003644297,346.27096882394244,7.613097,99.03337855493443,63.23573,348.61034628824353,8.633593,87.330128350589,71.71214,53.56845857716198,37.17349458857513,1.5298954610388522,73.22604133231877,8.589945,132.20254930818427,71.349594,878.4852197852633,8.287483,158.63846821556228,68.837296,5.231271214140609,7.5763206,370.323884611719,62.930256,26.68516615440707,20.543611210199465,236.75518763083255,5.4567103,171.2649373141243,45.3244,43904.81711827847,11.439751,762.6108699452745,95.02059,1760990543686.5422,0.0,0.0,0.0,0.0,0.0,0.0,0.0,0.0,0.0,0.0,0.0
22.81781040061721,33.812615532511565,23.901637048373566,2.907864450638015,333.92589343126366,7.272882,166.74262614236758,62.81294,148.44138424268016,9.842765,97.46216957041632,85.00797,16.103202476330022,17.489598048371295,454.3918520391226,5.3508406,107.7899319118336,46.21304,378.4462947175988,8.583285,84.78937885957903,74.130356,57.573102364814865,32.676829416050786,1.0320770166775937,46.030731013859196,6.9420853,127.57584869253442,59.95598,756.7819844804042,6.8530474,152.05467185306114,59.186993,1.3882828808554766,5.579284,355.54647923422715,48.186016,24.218471139736753,44.145157887037946,132.3826889958615,6.6813955,165.79624378573516,57.704506,42569.08960404961,12.31322,756.878637745415,106.3443,1760990543802.3286,0.0,0.0,0.0,0.0,0.0,1.0,0.0,0.0,0.0,0.0,0.0
22.81781040061721,33.812615532511565,23.901637048373566,2.907864450638015,333.92589343126366,7.272882,166.74262614236758,62.81294,148.44138424268016,9.842765,97.46216957041632,85.00797,16.103202476330022,17.489598048371295,454.3918520391226,5.3508406,107.7899319118336,46.21304,378.4462947175988,8.583285,84.78937885957903,74.130356,57.573102364814865,32.676829416050786,1.0320770166775937,46.030731013859196,6.9420853,127.57584869253442,59.95598,756.7819844804042,6.8530474,152.05467185306114,59.186993,1.3882828808554766,5.579284,355.54647923422715,48.186016,24.218471139736753,44.145157887037946,132.3826889958615,6.6813955,165.79624378573516,57.704506,42569.08960404961,12.31322,756.878637745415,106.3443,1760990543802.3286,0.0,0.0,0.0,0.0,0.0,1.0,0.0,0.0,0.0,0.0,0.0
22.28496645171592,31.47667463176887,24.893713412667193,1.03242266711412,308.22503361911595,3.5518157,160.78552605241083,30.565708,204.18721319676217,5.7017956,109.52227171769398,49.067696,14.922237100302986,16.000321040316827,380.6980852616771,4.2549405,98.94342181170036,36.616558,365.4732757071843,5.6347647,88.94811572736221,48.49085,55.745665667709986,39.80633940008072,0.6721216363205115,61.031577096880056,6.197047,138.73933901844572,53.32966,806.461451111854,5.495106,160.5982540508642,47.288994,14.440507080958229,4.965539,388.02161643401934,42.731724,24.618403007790786,28.44532899878932,215.34260222480162,5.4491014,169.05492148988023,46.893097,43693.05096845194,8.232947,760.5061301516776,70.849915,1760990543918.5312,1.0,0.0,0.0,0.0,0.0,0.0,0.0,0.0,1.0,0.0,0.0
22.28496645171592,31.47667463176887,24.893713412667193,1.03242266711412,308.22503361911595,3.5518157,160.78552605241083,30.565708,204.18721319676217,5.7017956,109.52227171769398,49.067696,14.922237100302986,16.000321040316827,380.6980852616771,4.2549405,98.94342181170036,36.616558,365.4732757071843,5.6347647,88.94811572736221,48.49085,55.745665667709986,39.80633940008072,0.6721216363205115,61.031577096880056,6.197047,138.73933901844572,53.32966,806.461451111854,5.495106,160.5982540508642,47.288994,14.440507080958229,4.965539,388.02161643401934,42.731724,24.618403007790786,28.44532899878932,215.34260222480162,5.4491014,169.05492148988023,46.893097,43693.05096845194,8.232947,760.5061301516776,70.849915,1760990543918.5312,1.0,0.0,0.0,0.0,0.0,0.0,0.0,0.0,1.0,0.0,0.0
22.984299142044943,34.61534273081264,24.080371684141998,2.420350862490821,337.6205415842166,3.0393825,160.9876308089566,25.412205,178.44972739565821,2.8076334,104.2207906780775,23.474554,14.738646356476028,17.125059633784563,384.9584489836615,2.5874753,102.02271773422449,21.63382,397.35475215035683,2.4940653,90.64789650166398,20.85282,56.56039630221123,38.463841390317356,0.5309417469489603,56.93173343919101,1.4015191,135.17781265583307,11.718065,713.342603944595,2.2388139,155.16166258919458,18.718666,17.217932741962123,1.6834147,377.46047967192993,14.074989,21.640910649396787,41.639055486338876,212.96924891322274,2.485565,166.86547815096537,20.781748,42739.03863157423,4.1454854,752.718731252665,34.6603,1760990544038.1345,0.0,0.0,0.0,0.0,0.0,0.0,0.0,0.0,0.0,0.0,0.0
22.984299142044943,34.61534273081264,24.080371684141998,2.420350862490821,337.6205415842166,3.0393825,160.9876308089566,25.412205,178.44972739565821,2.8076334,104.2207906780775,23.474554,14.738646356476028,17.125059633784563,384.9584489836615,2.5874753,102.02271773422449,21.63382,397.35475215035683,2.4940653,90.64789650166398,20.85282,56.56039630221123,38.463841390317356,0.5309417469489603,56.93173343919101,1.4015191,135.17781265583307,11.718065,713.342603944595,2.2388139,155.16166258919458,18.718666,17.217932741962123,1.6834147,377.46047967192993,14.074989,21.640910649396787,41.639055486338876,212.96924891322274,2.485565,166.86547815096537,20.781748,42739.03863157423,4.1454854,752.718731252665,34.6603,1760990544038.1345,0.0,0.0,0.0,0.0,0.0,0.0,0.0,0.0,0.0,0.0,0.0
23.233159884437622,35.23383780490917,24.27881711992528,2.9016793610943674,345.7189149467742,2.1631877,163.28036829253588,18.667658,160.8943379661202,5.49283,97.13414092477878,47.40146,15.601724889791603,17.10658148541167,422.6438034855028,3.269557,103.56719150209307,28.21529,375.4549467276001,4.6927958,86.52410598904754,40.497414,54.79485803373861,34.14458165371481,0.7545070350005929,38.62941677983447,5.9464273,126.01581206335554,51.315872,728.0971576112992,5.088779,149.10020510865627,43.914627,1.029819282452846,4.5870667,351.01131271497434,39.585003,23.361003736262035,42.04512398773457,164.0808077748692,2.307752,160.41402342196713,19.915203,42529.46926427907,6.8757668,752.7997181174169,59.33579,1760990544154.0134,0.0,0.0,0.0,0.0,0.0,0.0,0.0,0.0,0.0,0.0,0.0
23.233159884437622,35.23383780490917,24.27881711992528,2.9016793610943674,345.7189149467742,2.1631877,163.28036829253588,18.667658,160.8943379661202,5.49283,97.13414092477878,47.40146,15.601724889791603,17.10658148541167,422.6438034855028,3.269557,103.56719150209307,28.21529,375.4549467276001,4.6927958,86.52410598904754,40.497414,54.79485803373861,34.14458165371481,0.7545070350005929,38.62941677983447,5.9464273,126.01581206335554,51.315872,728.0971576112992,5.088779,149.10020510865627,43.914627,1.029819282452846,4.5870667,351.01131271497434,39.585003,23.361003736262035,42.04512398773457,164.0808077748692,2.307752,160.41402342196713,19.915203,42529.46926427907,6.8757668,752.7997181174169,59.33579,1760990544154.0134,0.0,0.0,0.0,0.0,0.0,0.0,0.0,0.0,0.0,0.0,0.0
24.92044545540431,36.37222078664289,25.437587261924403,0.6388363858849935,356.9218893211451,1.6003304,158.7462076058585,13.194827,181.31255807234322,3.3299217,98.20021219030033,27.45542,13.787182023003808,16.7861361896606,365.95263046493744,1.1765342,100.79733207908862,9.7006,395.0944510360245,1.9181752,90.2547157610031,15.815478,58.9212338214469,38.54222644143264,4.63208832615522,200.7429664791422,3.3339386,136.53971928412216,27.48854,739.6561888735706,4.060781,159.36111594438046,33.4814,16.051701558544128,3.8390803,378.9403117710639,31.653467,24.18718706909899,32.482977344547436,193.6973578101663,1.4082133,166.35018267205865,11.61081,42308.580486110484,3.616578,750.5739471335221,29.818924,1760990544275.298,0.0,0.0,0.0,0.0,0.0,0.0,0.0,0.0,0.0,0.0,0.0
24.92044545540431,36.37222078664289,25.437587261924403,0.6388363858849935,356.9218893211451,1.6003304,158.7462076058585,13.194827,181.31255807234322,3.3299217,98.20021219030033,27.45542,13.787182023003808,16.7861361896606,365.95263046493744,1.1765342,100.79733207908862,9.7006,395.0944510360245,1.9181752,90.2547157610031,15.815478,58.9212338214469,38.54222644143264,4.63208832615522,200.7429664791422,3.3339386,136.53971928412216,27.48854,739.6561888735706,4.060781,159.36111594438046,33.4814,16.051701558544128,3.8390803,378.9403117710639,31.653467,24.18718706909899,32.482977344547436,193.6973578101663,1.4082133,166.35018267205865,11.61081,42308.580486110484,3.616578,750.5739471335221,29.818924,1760990544275.298,0.0,0.0,0.0,0.0,0.0,0.0,0.0,0.0,0.0,0.0,0.0
24.55737974657492,35.975149501717716,24.118492613488595,2.0495382162921376,350.2946329023237,0.93931186,158.6350686478434,8.125803,178.4087949751989,2.5455964,99.25380661626559,22.021456,14.388144607119841,17.335864953016547,393.0293039692224,0.6318721,103.52975919398901,5.466202,385.36562812881726,1.1976047,86.55950411181479,10.360243,58.279214365524844,36.024449944806655,0.42528568675681233,48.075565313693986,1.8517406,131.8686280926269,16.019043,771.7460637499883,2.3995314,153.8142532447167,20.757877,9.79101302808012,1.4935122,367.3889857433395,12.920082,22.05785727000406,18.915662230126365,196.35773267792314,1.0464367,164.01574433677652,9.052519,42153.34047417691,1.3181188,748.3555525647508,11.402788,1760990544390.8943,0.0,0.0,0.0,0.0,0.0,0.0,0.0,0.0,1.0,0.0,0.0
24.55737974657492,35.975149501717716,24.118492613488595,2.0495382162921376,350.2946329023237,0.93931186,158.6350686478434,8.125803,178.4087949751989,2.5455964,99.25380661626559,22.021456,14.388144607119841,17.335864953016547,393.0293039692224,0.6318721,103.52975919398901,5.466202,385.36562812881726,1.1976047,86.55950411181479,10.360243,58.279214365524844,36.024449944806655,0.42528568675681233,48.075565313693986,1.8517406,131.8686280926269,16.019043,771.7460637499883,2.3995314,153.8142532447167,20.757877,9.79101302808012,1.4935122,367.3889857433395,12.920082,22.05785727000406,18.915662230126365,196.35773267792314,1.0464367,164.01574433677652,9.052519,42153.34047417691,1.3181188,748.3555525647508,11.402788,1760990544390.8943,0.0,0.0,0.0,0.0,0.0,0.0,0.0,0.0,1.0,0.0,0.0
23.62413681185612,37.05102361204352,25.947731321060573,5.026246706061173,362.2812892655774,1.930428,160.32231637612153,16.631609,166.76280777681234,1.7500693,97.98724160705085,15.077728,14.585676050532992,17.723758959348633,387.55300587515654,1.4289968,99.81748617597447,12.311525,406.40582929772347,2.4242089,88.19297475477005,20.88578,57.64189392413854,35.96209313718896,0.5698310527506967,56.66269120666066,2.2181873,130.19567780624595,19.110798,749.3113293577388,2.3026128,151.80062783577156,19.83817,14.367600870899963,1.8094559,363.3309163690314,15.589373,22.34577740441257,9.909640353349888,161.94817261450427,0.9732826,162.4273128621522,8.38532,42146.396833276056,2.534525,750.0489018109686,21.836208,1760990544506.964,0.0,0.0,0.0,0.0,0.0,0.0,0.0,0.0,0.0,0.0,0.0
23.62413681185612,37.05102361204352,25.947731321060573,5.026246706061173,362.2812892655774,1.930428,160.32231637612153,16.631609,166.76280777681234,1.7500693,97.98724160705085,15.077728,14.585676050532992,17.723758959348633,387.55300587515654,1.4289968,99.81748617597447,12.311525,406.40582929772347,2.4242089,88.19297475477005,20.88578,57.64189392413854,35.96209313718896,0.5698310527506967,56.66269120666066,2.2181873,130.19567780624595,19.110798,749.3113293577388,2.3026128,151.80062783577156,19.83817,14.367600870899963,1.8094559,363.3309163690314,15.589373,22.34577740441257,9.909640353349888,161.94817261450427,0.9732826,162.4273128621522,8.38532,42146.396833276056,2.534525,750.0489018109686,21.836208,1760990544506.964,0.0,0.0,0.0,0.0,0.0,0.0,0.0,0.0,0.0,0.0,0.0
23.286361408259886,36.83149218544509,25.985670592909813,3.060724488068357,355.3590600451232,1.6575865,161.20584694625546,12.61923,169.2428706855353,1.1995202,96.44595641536866,9.131966,15.032930084158904,17.102599824056103,392.0044089932085,1.6706684,99.13824973575086,12.718823,389.73214529654894,1.4258937,87.63787326992097,10.85535,59.072770755785335,33.50772686633133,0.6446787399314359,46.67222219354049,1.7462113,128.99124271085876,13.293932,754.7399857697386,1.6581197,151.91559406977254,12.623289,4.57788852426515,0.986142,358.8331560112043,7.507514,22.297691241055453,33.394260402487426,153.2054336812979,1.2132037,162.774442582503,9.236138,41848.00990553893,2.1190572,748.5915282368226,16.132414,1760990544638.318,0.0,0.0,0.0,0.0,0.0,0.0,0.0,0.0,0.0,0.0,0.0
23.286361408259886,36.83149218544509,25.985670592909813,3.060724488068357,355.3590600451232,1.6575865,161.20584694625546,12.61923,169.2428706855353,1.1995202,96.44595641536866,9.131966,15.032930084158904,17.102599824056103,392.0044089932085,1.6706684,99.13824973575086,12.718823,389.73214529654894,1.4258937,87.63787326992097,10.85535,59.072770755785335,33.50772686633133,0.6446787399314359,46.67222219354049,1.7462113,128.99124271085876,13.293932,754.7399857697386,1.6581197,151.91559406977254,12.623289,4.57788852426515,0.986142,358.8331560112043,7.507514,22.297691241055453,33.394260402487426,153.2054336812979,1.2132037,162.774442582503,9.236138,41848.00990553893,2.1190572,748.5915282368226,16.132414,1760990544638.318,0.0,0.0,0.0,0.0,0.0,0.0,0.0,0.0,0.0,0.0,0.0
23.234123947784656,37.830857517941,24.82325073922194,4.6679054305004195,364.0420754523833,1.6182457,160.4851732932529,12.257261,155.6338288118906,1.0595074,95.62839066926736,8.0251465,15.023536289678697,17.35460838054058,397.1722409409488,1.2914388,99.2352570655041,9.78189,375.7898370774545,0.66032815,84.8289221883383,5.0015984,58.37403654407122,34.505314334381154,0.5737234324346269,52.30339908420065,1.6044359,127.24107953083397,12.15266,786.0841060977282,1.1567988,150.25761394757197,8.762072,9.30585268350766,0.7228565,354.44251547434345,5.475214,22.925749535976,20.895684494279553,162.20407851320792,0.5235897,161.89636030869354,3.9658847,41698.58753157368,1.5982533,746.9008362127587,12.105829,1760990544770.3416,0.0,0.0,0.0,0.0,0.0,0.0,0.0,0.0,0.0,0.0,0.0
23.234123947784656,37.830857517941,24.82325073922194,4.6679054305004195,364.0420754523833,1.6182457,160.4851732932529,12.257261,155.6338288118906,1.0595074,95.62839066926736,8.0251465,15.023536289678697,17.35460838054058,397.1722409409488,1.2914388,99.2352570655041,9.78189,375.7898370774545,0.66032815,84.8289221883383,5.0015984,58.37403654407122,34.505314334381154,0.5737234324346269,52.30339908420065,1.6044359,127.24107953083397,12.15266,786.0841060977282,1.1567988,150.25761394757197,8.762072,9.30585268350766,0.7228565,354.44251547434345,5.475214,22.925749535976,20.895684494279553,162.20407851320792,0.5235897,161.89636030869354,3.9658847,41698.58753157368,1.5982533,746.9008362127587,12.105829,1760990544770.3416,0.0,0.0,0.0,0.0,0.0,0.0,0.0,0.0,0.0,0.0,0.0
24.638434401008947,36.807457604139515,24.408989760490403,3.5519206581587714,354.3637616786212,2.323813,160.12025177980337,17.622734,163.47825600650756,0.7329225,98.49853636250907,5.558149,14.582237350549816,16.870500147935594,393.71752090919847,0.44191658,101.80666470524534,3.351293,378.2005531199929,1.7778399,85.87529940799244,13.482324,58.81015535087766,36.748018048319125,0.3103705581493775,49.128005760436764,0.96878207,130.9564030066726,7.3467994,820.1633050790693,1.3200517,153.54970465203152,10.010667,11.519179131834441,1.4335569,364.84005741633604,10.871439,23.413633499113875,8.219082376810443,171.59940849239084,1.0381587,164.06043658015048,7.8729196,41969.56876420937,1.434123,748.8878150687275,10.875731,1760990544902.206,0.0,0.0,0.0,0.0,0.0,0.0,0.0,0.0,0.0,0.0,0.0
24.638434401008947,36.807457604139515,24.408989760490403,3.5519206581587714,354.3637616786212,2.323813,160.12025177980337,17.622734,163.47825600650756,0.7329225,98.49853636250907,5.558149,14.582237350549816,16.870500147935594,393.71752090919847,0.44191658,101.80666470524534,3.351293,378.2005531199929,1.7778399,85.87529940799244,13.482324,58.81015535087766,36.748018048319125,0.3103705581493775,49.128005760436764,0.96878207,130.9564030066726,7.3467994,820.1633050790693,1.3200517,153.54970465203152,10.010667,11.519179131834441,1.4335569,364.84005741633604,10.871439,23.413633499113875,8.219082376810443,171.59940849239084,1.0381587,164.06043658015048,7.8729196,41969.56876420937,1.434123,748.8878150687275,10.875731,1760990544902.206,0.0,0.0,0.0,0.0,0.0,0.0,0.0,0.0,0.0,0.0,0.0
23.41000932327729,36.87464732367546,25.399740362781063,3.573636468882674,363.90031544840207,2.5936527,160.21708507303993,19.583975,169.6500192818032,0.53159314,97.08629042260672,4.0139174,14.994223719554952,17.18437483563593,399.02748849489586,0.43424684,100.157773006994,3.278881,387.45805134610583,1.296212,86.9349682160011,9.787349,58.18164771240907,34.94357507373129,0.4551702790692896,47.91260047934329,0.9890804,128.17406256935442,7.4682813,766.2288762015412,1.270776,150.23251788736695,9.595289,9.196503149851612,1.0215261,357.2173007082115,7.7132697,22.571731084071335,13.238583903109918,165.07206496503315,0.51154596,162.02885423763388,3.8625464,41905.268958316905,1.019288,747.6845752118307,7.6963696,1760990545034.6436,0.0,0.0,0.0,0.0,0.0,0.0,0.0,0.0,0.0,0.0,0.0
23.41000932327729,36.87464732367546,25.399740362781063,3.573636468882674,363.90031544840207,2.5936527,160.21708507303993,19.583975,169.6500192818032,0.53159314,97.08629042260672,4.0139174,14.994223719554952,17.18437483563593,399.02748849489586,0.43424684,100.157773006994,3.278881,387.45805134610583,1.296212,86.9349682160011,9.787349,58.18164771240907,34.94357507373129,0.4551702790692896,47.91260047934329,0.9890804,128.17406256935442,7.4682813,766.2288762015412,1.270776,150.23251788736695,9.595289,9.196503149851612,1.0215261,357.2173007082115,7.7132697,22.571731084071335,13.238583903109918,165.07206496503315,0.51154596,162.02885423763388,3.8625464,41905.268958316905,1.019288,747.6845752118307,7.6963696,1760990545034.6436,0.0,0.0,0.0,0.0,0.0,0.0,0.0,0.0,0.0,0.0,0.0
25.723808000202705,38.45825889717307,25.71290182270401,3.0514439573255854,372.8126262624204,1.8766975,160.94926972037018,14.246019,177.0495283031709,3.9439452,99.33513385593103,29.938505,14.0403792617257,16.833525192422933,377.2989508682618,1.6667792,101.53767794376513,12.652529,391.0860998049449,3.0157661,89.22532160354514,22.892696,58.61625286137171,39.13534236818437,0.2964056430099524,56.814131900613596,1.7221541,132.32786592528868,13.072882,846.1075418996488,2.2493172,154.9383079991544,17.07458,16.85264600350755,2.192992,369.3324791110823,16.647015,24.259070015691794,21.105021348554153,215.6357138454207,2.3519344,165.5191423055947,17.853546,42357.71059317523,3.8311262,749.7706875656156,29.082098,1760990545166.3784,0.0,0.0,0.0,0.0,0.0,0.0,0.0,0.0,0.0,0.0,0.0
25.723808000202705,38.45825889717307,25.71290182270401,3.0514439573255854,372.8126262624204,1.8766975,160.94926972037018,14.246019,177.0495283031709,3.9439452,99.33513385593103,29.938505,14.0403792617257,16.833525192422933,377.2989508682618,1.6667792,101.53767794376513,12.652529,391.0860998049449,3.0157661,89.22532160354514,22.892696,58.61625286137171,39.13534236818437,0.2964056430099524,56.814131900613596,1.7221541,132.32786592528868,13.072882,846.1075418996488,2.2493172,154.9383079991544,17.07458,16.85264600350755,2.192992,369.3324791110823,16.647015,24.259070015691794,21.105021348554153,215.6357138454207,2.3519344,165.5191423055947,17.853546,42357.71059317523,3.8311262,749.7706875656156,29.082098,1760990545166.3784,0.0,0.0,0.0,0.0,0.0,0.0,0.0,0.0,0.0,0.0,0.0
24.00029198484894,35.96556593466122,25.488784909732708,1.4919238651774742,349.21676241648305,1.4316449,159.47283886627847,10.814572,192.6614726867161,0.90550405,99.70926440687592,6.840131,14.048128772841107,17.498371367447266,371.6156575180447,0.83630353,99.90180911928543,6.3173943,408.67347630486694,1.2200284,89.20470499377672,9.216031,57.94689421767967,37.43586738405772,0.5623497471465273,65.33073269709062,0.23705915,131.25084000361443,1.7907326,779.9159433013928,0.4025203,152.76725672662903,3.0406175,17.603396900044356,0.3407433,366.01941469370854,2.5739572,22.486754078686037,21.948121769280146,197.835759267575,1.1196007,163.33166756737342,8.457406,42032.44843866856,1.4564505,747.448909052107,11.001952,1760990545298.7595,0.0,0.0,0.0,0.0,0.0,0.0,0.0,0.0,0.0,0.0,0.0
24.00029198484894,35.96556593466122,25.488784909732708,1.4919238651774742,349.21676241648305,1.4316449,159.47283886627847,10.814572,192.6614726867161,0.90550405,99.70926440687592,6.840131,14.048128772841107,17.498371367447266,371.6156575180447,0.83630353,99.90180911928543,6.3173943,408.67347630486694,1.2200284,89.20470499377672,9.216031,57.94689421767967,37.43586738405772,0.5623497471465273,65.33073269709062,0.23705915,131.25084000361443,1.7907326,779.9159433013928,0.4025203,152.76725672662903,3.0406175,17.603396900044356,0.3407433,366.01941469370854,2.5739572,22.486754078686037,21.948121769280146,197.835759267575,1.1196007,163.33166756737342,8.457406,42032.44843866856,1.4564505,747.448909052107,11.001952,1760990545298.7595,0.0,0.0,0.0,0.0,0.0,0.0,0.0,0.0,0.0,0.0,0.0
25.28282258065291,37.676274740978634,24.055435238789602,2.255653185965184,365.38057821499433,2.2874331,158.9401490947203,17.3066,181.41854493791647,1.1280335,100.09986023527566,8.534643,13.532090064708017,17.089190808176888,368.1331978175979,1.3507414,101.53756948529058,10.21964,385.8038475457419,1.0005424,87.17911281902948,7.5700517,59.12998728081597,39.26242743083303,0.33239743271498845,51.702523706123145,1.1974179,135.4545024164043,9.059602,845.357552534545,1.1116551,157.41271508596918,8.410725,12.935993286431074,0.9427735,377.03125921334185,7.1329756,23.83835812185222,5.900348334189159,198.73875849488718,0.8395467,164.97129541286952,6.351967,42067.970747661784,1.3054612,748.4649043986165,9.877051,1760990545430.9307,0.0,0.0,0.0,0.0,0.0,0.0,0.0,0.0,0.0,0.0,0.0
25.28282258065291,37.676274740978634,24.055435238789602,2.255653185965184,365.38057821499433,2.2874331,158.9401490947203,17.3066,181.41854493791647,1.1280335,100.09986023527566,8.534643,13.532090064708017,17.089190808176888,368.1331978175979,1.3507414,101.53756948529058,10.21964,385.8038475457419,1.0005424,87.17911281902948,7.5700517,59.12998728081597,39.26242743083303,0.33239743271498845,51.702523706123145,1.1974179,135.4545024164043,9.059602,845.357552534545,1.1116551,157.41271508596918,8.410725,12.935993286431074,0.9427735,377.03125921334185,7.1329756,23.83835812185222,5.900348334189159,198.73875849488718,0.8395467,164.97129541286952,6.351967,42067.970747661784,1.3054612,748.4649043986165,9.877051,1760990545430.9307,0.0,0.0,0.0,0.0,0.0,0.0,0.0,0.0,0.0,0.0,0.0
22.924534247289667,32.66762772103224,24.693676941260815,1.631021927422548,309.95584175089607,3.5927622,161.154599592428,27.250002,212.4530085245136,2.579805,115.01347973796123,19.56703,13.914926980335121,16.548570468413413,360.20488847490367,2.4985154,98.04285895056847,18.950474,383.75383090705054,1.8753436,91.62190527794584,14.223907,56.695108010950165,42.02072841858183,0.2545967648876681,51.50210614008426,0.6363267,139.45016710533505,4.826343,750.5377685089757,1.0512602,159.35210790632777,7.973488,15.574573644299734,0.5396826,388.86915397654684,4.0933275,20.94876269178005,21.253762779252675,258.86297741077465,4.63786,168.5245439517225,35.176746,43564.33526177663,4.7640705,757.2389812300223,36.134018,1760990545562.7751,0.0,0.0,0.0,0.0,0.0,0.0,0.0,0.0,0.0,0.0,0.0
22.924534247289667,32.66762772103224,24.693676941260815,1.631021927422548,309.95584175089607,3.5927622,161.154599592428,27.250002,212.4530085245136,2.579805,115.01347973796123,19.56703,13.914926980335121,16.548570468413413,360.20488847490367,2.4985154,98.04285895056847,18.950474,383.75383090705054,1.8753436,91.62190527794584,14.223907,56.695108010950165,42.02072841858183,0.2545967648876681,51.50210614008426,0.6363267,139.45016710533505,4.826343,750.5377685089757,1.0512602,159.35210790632777,7.973488,15.574573644299734,0.5396826,388.86915397654684,4.0933275,20.94876269178005,21.253762779252675,258.86297741077465,4.63786,168.5245439517225,35.176746,43564.33526177663,4.7640705,757.2389812300223,36.134018,1760990545562.7751,0.0,0.0,0.0,0.0,0.0,0.0,0.0,0.0,0.0,0.0,0.0
35.0202216547039,35.5569464097488,25.645823241697318,6.008602018923468,317.4249377268117,16.24846,135.42426981779522,123.725075,260.55171764682774,9.066093,150.7487677928604,69.03442,11.253346352036084,12.393545451864412,306.11247988379444,5.8848715,100.53000540403329,44.810776,304.9897899152382,2.5697398,97.39722517120832,19.567467,52.2171309542177,45.46976748109534,0.5450100792221336,0.4590925521977134,4.2224064,155.43123532239366,32.151817,929.9170058884065,3.9236033,180.85791094522443,29.876556,19.58655770421699,3.274252,432.2493532569026,24.932024,24.61471591171094,153.75704081010642,410.48717162594454,8.405328,177.45722316235685,64.00297,44149.00255613487,17.980576,766.7640260272233,136.91438,1760990545694.1023,0.0,0.0,0.0,0.0,0.0,0.0,0.0,0.0,0.0,0.0,0.0
35.0202216547039,35.5569464097488,25.645823241697318,6.008602018923468,317.4249377268117,16.24846,135.42426981779522,123.725075,260.55171764682774,9.066093,150.7487677928604,69.03442,11.253346352036084,12.393545451864412,306.11247988379444,5.8848715,100.53000540403329,44.810776,304.9897899152382,2.5697398,97.39722517120832,19.567467,52.2171309542177,45.46976748109534,0.5450100792221336,0.4590925521977134,4.2224064,155.43123532239366,32.151817,929.9170058884065,3.9236033,180.85791094522443,29.876556,19.58655770421699,3.274252,432.2493532569026,24.932024,24.61471591171094,153.75704081010642,410.48717162594454,8.405328,177.45722316235685,64.00297,44149.00255613487,17.980576,766.7640260272233,136.91438,1760990545694.1023,0.0,0.0,0.0,0.0,0.0,0.0,0.0,0.0,0.0,0.0,0.0
31.38507965493098,12.62492750021076,34.97612005295757,12.47072467444401,125.02050560493734,25.987478,69.74010521177276,196.98303,445.09941688901273,12.483166,197.46215517382208,94.62142,7.664983849112381,10.69338720624657,123.7845704113332,12.483017,60.7584326805444,94.620285,328.0275784643157,20.052788,111.66282978867527,151.99857,31.353968297787716,52.68378312459278,6.710728434321698,201.39139421888444,21.738533,105.07221062311459,164.77637,616.1278459413589,22.620237,134.35116060255302,171.45963,15.722793894208325,17.579374,294.20133456492465,133.25027,28.162099837851617,60.765981399740596,809.3677286543352,22.53503,179.35404158645997,170.81375,44772.21940198981,34.933758,795.4962280691504,264.79514,1760990545826.0298,0.0,0.0,0.0,0.0,0.0,0.0,0.0,0.0,0.0,0.0,0.0
31.38507965493098,12.62492750021076,34.97612005295757,12.47072467444401,125.02050560493734,25.987478,69.74010521177276,196.98303,445.09941688901273,12.483166,197.46215517382208,94.62142,7.664983849112381,10.69338720624657,123.7845704113332,12.483017,60.7584326805444,94.620285,328.0275784643157,20.052788,111.66282978867527,151.99857,31.353968297787716,52.68378312459278,6.710728434321698,201.39139421888444,21.738533,105.07221062311459,164.77637,616.1278459413589,22.620237,134.35116060255302,171.45963,15.722793894208325,17.579374,294.20133456492465,133.25027,28.162099837851617,60.765981399740596,809.3677286543352,22.53503,179.35404158645997,170.81375,44772.21940198981,34.933758,795.4962280691504,264.79514,1760990545826.0298,0.0,0.0,0.0,0.0,0.0,0.0,0.0,0.0,0.0,0.0,0.0
38.93859035537444,11.451373441159486,36.96099381044368,8.300028612188584,72.59808868335264,14.885419,72.43163715477294,112.14791,432.389636726777,7.1457467,200.05215489250844,53.83662,9.139271707482335,5.239098106523058,113.25051695415924,8.193566,55.968052681893845,61.730972,109.7293268589953,5.6697016,115.2804978331485,42.71598,26.742027403741524,58.55279235857979,0.6051431410289486,22.700131228249475,5.332861,105.8556234548725,40.17819,543.9372830611438,4.7981415,128.91139113826418,36.149574,3.2421886941810016,6.321655,296.4497241117122,47.627846,21.376248004811117,11.499215238336891,755.0451362255762,2.9376757,174.44128419760133,22.13268,41814.83469394319,8.74396,790.3677397125922,65.877686,1760990545958.76,0.0,0.0,1.0,1.0,0.0,0.0,1.0,0.0,1.0,1.0,1.0
38.93859035537444,11.451373441159486,36.96099381044368,8.300028612188584,72.59808868335264,14.885419,72.43163715477294,112.14791,432.389636726777,7.1457467,200.05215489250844,53.83662,9.139271707482335,5.239098106523058,113.25051695415924,8.193566,55.968052681893845,61.730972,109.7293268589953,5.6697016,115.2804978331485,42.71598,26.742027403741524,58.55279235857979,0.6051431410289486,22.700131228249475,5.332861,105.8556234548725,40.17819,543.9372830611438,4.7981415,128.91139113826418,36.149574,3.2421886941810016,6.321655,296.4497241117122,47.627846,21.376248004811117,11.499215238336891,755.0451362255762,2.9376757,174.44128419760133,22.13268,41814.83469394319,8.74396,790.3677397125922,65.877686,1760990545958.76,0.0,0.0,1.0,1.0,0.0,0.0,1.0,0.0,1.0,1.0,1.0
34.7033285536402,18.139302724453476,35.95946811310594,4.0766446542177395,127.29337786332991,6.811852,84.16875576590115,51.691364,399.03196547816884,2.7250156,197.74944870072926,20.678633,11.649736992549748,7.541054786223319,180.74678994323037,2.6782427,64.98472764827426,20.3237,194.3028601754322,2.0541825,115.35640871545223,15.588052,26.544083025686508,63.55466415554703,0.36590267045032704,10.953168137949662,2.2329535,111.49393826992876,16.944645,654.1310074651782,2.6630526,137.539861558395,20.208427,8.8162025947773,1.7093158,310.9437624299615,12.971048,22.91639880559143,82.17950202189716,799.7520361571085,2.328642,178.76467680412344,17.67077,40164.467419511915,4.9568887,780.3536296236686,37.615078,1760990546090.5393,1.0,0.0,0.0,0.0,0.0,1.0,0.0,0.0,0.0,0.0,0.0
34.7033285536402,18.139302724453476,35.95946811310594,4.0766446542177395,127.29337786332991,6.811852,84.16875576590115,51.691364,399.03196547816884,2.7250156,197.74944870072926,20.678633,11.649736992549748,7.541054786223319,180.74678994323037,2.6782427,64.98472764827426,20.3237,194.3028601754322,2.0541825,115.35640871545223,15.588052,26.544083025686508,63.55466415554703,0.36590267045032704,10.953168137949662,2.2329535,111.49393826992876,16.944645,654.1310074651782,2.6630526,137.539861558395,20.208427,8.8162025947773,1.7093158,310.9437624299615,12.971048,22.91639880559143,82.17950202189716,799.7520361571085,2.328642,178.76467680412344,17.67077,40164.467419511915,4.9568887,780.3536296236686,37.615078,1760990546090.5393,1.0,0.0,0.0,0.0,0.0,1.0,0.0,0.0,0.0,0.0,0.0
33.05782235857001,22.406777795729045,31.578030614613976,4.4951392440128775,155.48806710956902,2.0236032,92.772372282469,15.399913,398.2324631789313,3.9579108,197.60408737709704,30.12027,12.64889492767349,12.316849788228776,226.50497572445832,1.2656562,72.75182091535967,9.631826,342.8475707117669,0.6236012,115.45711666583648,4.745694,25.70644479455133,65.77819530886585,0.22589235525786552,6.395027929648957,1.2684395,116.80223917748543,9.653006,659.5866374358473,1.1317618,141.53138414621412,8.612871,10.45426573518675,1.597971,324.41019431938224,12.160789,23.123290076121368,89.69678674059563,806.5438854346298,1.1585678,178.95275469805242,8.816868,41415.0551888791,3.1592479,787.95708121922,24.042328,1760990546221.9429,0.0,0.0,0.0,0.0,0.0,0.0,0.0,0.0,0.0,0.0,0.0
33.05782235857001,22.406777795729045,31.578030614613976,4.4951392440128775,155.48806710956902,2.0236032,92.772372282469,15.399913,398.2324631789313,3.9579108,197.60408737709704,30.12027,12.64889492767349,12.316849788228776,226.50497572445832,1.2656562,72.75182091535967,9.631826,342.8475707117669,0.6236012,115.45711666583648,4.745694,25.70644479455133,65.77819530886585,0.22589235525786552,6.395027929648957,1.2684395,116.80223917748543,9.653006,659.5866374358473,1.1317618,141.53138414621412,8.612871,10.45426573518675,1.597971,324.41019431938224,12.160789,23.123290076121368,89.69678674059563,806.5438854346298,1.1585678,178.95275469805242,8.816868,41415.0551888791,3.1592479,787.95708121922,24.042328,1760990546221.9429,0.0,0.0,0.0,0.0,0.0,0.0,0.0,0.0,0.0,0.0,0.0
25.567645189908657,15.88396292448898,28.685711581509693,4.017892463786021,139.82074868887696,4.9202833,84.57690732898295,37.10967,312.8671913764432,10.547901,174.35645407537802,79.55418,10.042028483089242,14.708196707386898,193.52664391795682,4.011995,73.30158850989451,30.25919,417.68970871073486,7.550255,112.95996553903562,56.94539,32.61537744243942,57.562339794754585,1.5206592397421432,49.118930564631526,5.1533527,116.02981510940728,38.867516,583.9837332517432,4.925418,137.57325061792946,37.14839,0.08388097076469522,4.4638534,324.09422126304963,33.66719,22.057329209060043,23.885140915777708,720.6125902636267,3.5766196,168.97477632804163,26.975513,41063.7084984598,9.885361,762.2524534338625,74.557175,1760990546354.5305,0.0,0.0,0.0,0.0,0.0,0.0,0.0,0.0,0.0,0.0,0.0
25.567645189908657,15.88396292448898,28.685711581509693,4.017892463786021,139.82074868887696,4.9202833,84.57690732898295,37.10967,312.8671913764432,10.547901,174.35645407537802,79.55418,10.042028483089242,14.708196707386898,193.52664391795682,4.011995,73.30158850989451,30.25919,417.68970871073486,7.550255,112.95996553903562,56.94539,32.61537744243942,57.562339794754585,1.5206592397421432,49.118930564631526,5.1533527,116.02981510940728,38.867516,583.9837332517432,4.925418,137.57325061792946,37.14839,0.08388097076469522,4.4638534,324.09422126304963,33.66719,22.057329209060043,23.885140915777708,720.6125902636267,3.5766196,168.97477632804163,26.975513,41063.7084984598,9.885361,762.2524534338625,74.557175,1760990546354.5305,0.0,0.0,0.0,0.0,0.0,0.0,0.0,0.0,0.0,0.0,0.0
30.457218904185236,43.94720337972116,25.96351547694085,15.715751023069034,395.5179886276231,24.583635,149.65544300967923,186.34583,345.68420674575407,21.921755,151.18917675765354,166.16856,13.276801167771016,10.229713733163793,366.0265458610904,19.35499,101.98828130575335,146.71228,226.79319706955417,15.122026,83.97510983888768,114.6261,54.89112869665727,49.06535002624394,0.3550350452189112,34.866433575725615,18.983196,154.40275608041358,143.89406,834.7029362151188,20.1268,178.80397569394222,152.56268,6.980172211778197,12.998949,434.1184653683246,98.53302,22.376814868068315,22.694771729673,507.4094606327643,22.037071,184.62913375345028,167.04266,44988.45790117523,28.1858,769.5941666281788,213.65048,1760990546486.4553,0.0,0.0,0.0,0.0,0.0,0.0,0.0,0.0,0.0,0.0,0.0
30.457218904185236,43.94720337972116,25.96351547694085,15.715751023069034,395.5179886276231,24.583635,149.65544300967923,186.34583,345.68420674575407,21.921755,151.18917675765354,166.16856,13.276801167771016,10.229713733163793,366.0265458610904,19.35499,101.98828130575335,146.71228,226.79319706955417,15.122026,83.97510983888768,114.6261,54.89112869665727,49.06535002624394,0.3550350452189112,34.866433575725615,18.983196,154.40275608041358,143.89406,834.7029362151188,20.1268,178.80397569394222,152.56268,6.980172211778197,12.998949,434.1184653683246,98.53302,22.376814868068315,22.694771729673,507.4094606327643,22.037071,184.62913375345028,167.04266,44988.45790117523,28.1858,769.5941666281788,213.65048,1760990546486.4553,0.0,0.0,0.0,0.0,0.0,0.0,0.0,0.0,0.0,0.0,0.0
25.50652176999037,34.60189721391063,27.849022479086592,2.9237185394307565,331.1388942493804,12.892426,157.42861375006558,97.58398,234.4797213292176,12.277657,110.38376469533496,92.930725,11.639057677353968,16.293446200743908,287.4003989705802,3.809588,89.51406926968725,28.835129,378.9855093710568,3.2823756,87.39391345971616,24.844608,56.92302085353039,45.80846109005531,0.19257008110952623,53.554458211917854,3.9247088,127.23787500022321,29.70649,735.8536040118335,5.9786625,146.79191647542964,45.25306,22.426669105069188,6.0513678,353.190406053013,45.803375,22.540266240417193,74.08081466357076,313.62593354373655,8.288758,169.98640052043382,62.73839,42632.68181161489,17.399628,747.562376785154,131.69942,1760990546618.5715,0.0,0.0,1.0,0.0,0.0,1.0,0.0,0.0,0.0,1.0,0.0
25.50652176999037,34.60189721391063,27.849022479086592,2.9237185394307565,331.1388942493804,12.892426,157.42861375006558,97.58398,234.4797213292176,12.277657,110.38376469533496,92.930725,11.639057677353968,16.293446200743908,287.4003989705802,3.809588,89.51406926968725,28.835129,378.9855093710568,3.2823756,87.39391345971616,24.844608,56.92302085353039,45.80846109005531,0.19257008110952623,53.554458211917854,3.9247088,127.23787500022321,29.70649,735.8536040118335,5.9786625,146.79191647542964,45.25306,22.426669105069188,6.0513678,353.190406053013,45.803375,22.540266240417193,74.08081466357076,313.62593354373655,8.288758,169.98640052043382,62.73839,42632.68181161489,17.399628,747.562376785154,131.69942,1760990546618.5715,0.0,0.0,1.0,0.0,0.0,1.0,0.0,0.0,0.0,1.0,0.0
27.077902271135756,41.43356716348109,27.9478089767847,5.679765423196802,374.75659194993233,3.435689,159.10643569767663,26.122402,261.66281057058853,3.098397,104.0865913933632,23.557888,11.311378125339502,15.680388367366037,287.6276888933882,2.081655,93.78875029799465,15.827345,361.45833817237025,0.46092507,85.38774499714172,3.504529,57.48545832272059,43.591417275735196,0.30653044286965375,63.36716262493608,1.1831481,124.34166804161663,8.995771,775.4440223239163,1.2989334,145.48149329892414,9.876116,22.99962492074945,2.1603146,346.07105652118895,16.425411,24.370656885266303,62.75314431244998,283.45780129675506,2.1402414,165.04040434952287,16.27279,42627.99122044803,4.5957375,746.5281923059933,34.942543,1760990546750.0942,1.0,0.0,0.0,0.0,1.0,0.0,0.0,0.0,0.0,0.0,0.0
27.077902271135756,41.43356716348109,27.9478089767847,5.679765423196802,374.75659194993233,3.435689,159.10643569767663,26.122402,261.66281057058853,3.098397,104.0865913933632,23.557888,11.311378125339502,15.680388367366037,287.6276888933882,2.081655,93.78875029799465,15.827345,361.45833817237025,0.46092507,85.38774499714172,3.504529,57.48545832272059,43.591417275735196,0.30653044286965375,63.36716262493608,1.1831481,124.34166804161663,8.995771,775.4440223239163,1.2989334,145.48149329892414,9.876116,22.99962492074945,2.1603146,346.07105652118895,16.425411,24.370656885266303,62.75314431244998,283.45780129675506,2.1402414,165.04040434952287,16.27279,42627.99122044803,4.5957375,746.5281923059933,34.942543,1760990546750.0942,1.0,0.0,0.0,0.0,1.0,0.0,0.0,0.0,0.0,0.0,0.0
27.577291897711223,42.474789289946614,27.392352781456214,3.970479242494966,393.0202145807843,1.985863,162.54710393046147,14.971508,229.7256218644507,2.0891407,99.23297295114021,15.750122,11.626953584078432,15.496196393551255,297.7590587105747,1.1971681,94.03612284737154,9.025503,344.955533264594,0.7511092,83.03309761074625,5.6626453,57.841481875538236,43.16633284633073,0.32387806090732657,57.09780645477848,0.731392,125.73255926584164,5.513996,797.3761896259147,0.59050155,147.7644995278817,4.451817,19.349686360385725,0.37727657,349.5756281399503,2.8443046,24.481710901656474,39.71560814607827,260.68851737187634,1.0452441,163.31596765802263,7.880141,42637.38872743883,2.5069263,747.7059201678865,18.899826,1760990546882.737,0.0,0.0,0.0,0.0,0.0,0.0,0.0,0.0,0.0,0.0,0.0
27.577291897711223,42.474789289946614,27.392352781456214,3.970479242494966,393.0202145807843,1.985863,162.54710393046147,14.971508,229.7256218644507,2.0891407,99.23297295114021,15.750122,11.626953584078432,15.496196393551255,297.7590587105747,1.1971681,94.03612284737154,9.025503,344.955533264594,0.7511092,83.03309761074625,5.6626453,57.841481875538236,43.16633284633073,0.32387806090732657,57.09780645477848,0.731392,125.73255926584164,5.513996,797.3761896259147,0.59050155,147.7644995278817,4.451817,19.349686360385725,0.37727657,349.5756281399503,2.8443046,24.481710901656474,39.71560814607827,260.68851737187634,1.0452441,163.31596765802263,7.880141,42637.38872743883,2.5069263,747.7059201678865,18.899826,1760990546882.737,0.0,0.0,0.0,0.0,0.0,0.0,0.0,0.0,0.0,0.0,0.0
28.45395126894591,47.24284671021903,28.316616596290643,2.8298524677956802,414.3567552459662,2.9795556,165.14638286116278,23.28724,225.57935674590476,2.043303,94.17298942131735,15.969792,11.207573826147353,15.825806339652958,292.57865782350245,1.4953802,94.57297163622499,11.687405,341.3782829131415,2.0810022,81.01576189523102,16.264435,59.5534836067236,42.95833789963656,0.45241561733484953,64.38329661672945,1.2106156,122.92100702898098,9.461779,755.5365439050977,1.6428117,144.4855705605969,12.839682,22.066568766550517,1.8770936,341.60826870782216,14.670753,24.862018793864976,58.64086867411423,245.94561624225602,1.5296783,164.39418441472728,11.955468,42132.72367671163,3.4774685,745.020550365662,27.178764,1760990547010.685,0.0,0.0,0.0,0.0,0.0,0.0,0.0,0.0,0.0,0.0,0.0
28.45395126894591,47.24284671021903,28.316616596290643,2.8298524677956802,414.3567552459662,2.9795556,165.14638286116278,23.28724,225.57935674590476,2.043303,94.17298942131735,15.969792,11.207573826147353,15.825806339652958,292.57865782350245,1.4953802,94.57297163622499,11.687405,341.3782829131415,2.0810022,81.01576189523102,16.264435,59.5534836067236,42.95833789963656,0.45241561733484953,64.38329661672945,1.2106156,122.92100702898098,9.461779,755.5365439050977,1.6428117,144.4855705605969,12.839682,22.066568766550517,1.8770936,341.60826870782216,14.670753,24.862018793864976,58.64086867411423,245.94561624225602,1.5296783,164.39418441472728,11.955468,42132.72367671163,3.4774685,745.020550365662,27.178764,1760990547010.685,0.0,0.0,0.0,0.0,0.0,0.0,0.0,0.0,0.0,0.0,0.0
28.64445405428176,48.88007368851222,28.490011562462787,5.276411966804974,441.3666724852629,1.8292814,166.3159610361784,13.891207,235.62237902532644,2.5985959,95.53031862083832,19.733232,11.928815294831752,15.802226581404891,312.3523789691995,1.13099,94.98901290191422,8.588518,364.37278181025897,1.3484306,85.17876676077364,10.239719,58.53103617037476,44.9081980625279,0.3868872638855476,72.3211398001946,0.79609597,119.28760768522523,6.0453978,789.2783274743401,0.96955675,141.3612892111624,7.362625,28.65099366563172,1.3870362,330.59753235871,10.532883,26.823412110228716,103.56647240114302,243.97452066561686,0.7866739,165.00148349491803,5.9738483,42664.880783393135,1.4102926,749.4503070277636,10.709487,1760990547142.3713,0.0,0.0,0.0,0.0,0.0,0.0,0.0,0.0,0.0,0.0,0.0
28.64445405428176,48.88007368851222,28.490011562462787,5.276411966804974,441.3666724852629,1.8292814,166.3159610361784,13.891207,235.62237902532644,2.5985959,95.53031862083832,19.733232,11.928815294831752,15.802226581404891,312.3523789691995,1.13099,94.98901290191422,8.588518,364.37278181025897,1.3484306,85.17876676077364,10.239719,58.53103617037476,44.9081980625279,0.3868872638855476,72.3211398001946,0.79609597,119.28760768522523,6.0453978,789.2783274743401,0.96955675,141.3612892111624,7.362625,28.65099366563172,1.3870362,330.59753235871,10.532883,26.823412110228716,103.56647240114302,243.97452066561686,0.7866739,165.00148349491803,5.9738483,42664.880783393135,1.4102926,749.4503070277636,10.709487,1760990547142.3713,0.0,0.0,0.0,0.0,0.0,0.0,0.0,0.0,0.0,0.0,0.0
28.63571206636573,50.45635951787754,28.859177258449183,9.306140181164519,439.6067626484654,2.3640249,167.02095783459038,17.855154,242.25598284982365,2.0024126,94.2950868563664,15.123945,11.890878369016471,13.865017736225559,308.70177897441675,1.4957831,94.37116487687531,11.297444,293.5097365404623,1.4337893,77.1434113168275,10.829212,58.674923306355005,44.10232549935431,0.36845224493445716,53.77485902258655,0.7019038,117.84068194043725,5.301383,721.5706216939135,0.8174857,138.58725664507776,6.1743565,24.437341230949528,0.8050138,327.05838027117545,6.080158,26.072927971092213,80.12152814320063,236.45314218585165,0.6256198,163.96167211405466,4.72522,42252.46200747638,2.2349997,746.7885958851981,16.880646,1760990547274.7715,0.0,0.0,0.0,0.0,0.0,0.0,0.0,0.0,0.0,0.0,0.0
28.63571206636573,50.45635951787754,28.859177258449183,9.306140181164519,439.6067626484654,2.3640249,167.02095783459038,17.855154,242.25598284982365,2.0024126,94.2950868563664,15.123945,11.890878369016471,13.865017736225559,308.70177897441675,1.4957831,94.37116487687531,11.297444,293.5097365404623,1.4337893,77.1434113168275,10.829212,58.674923306355005,44.10232549935431,0.36845224493445716,53.77485902258655,0.7019038,117.84068194043725,5.301383,721.5706216939135,0.8174857,138.58725664507776,6.1743565,24.437341230949528,0.8050138,327.05838027117545,6.080158,26.072927971092213,80.12152814320063,236.45314218585165,0.6256198,163.96167211405466,4.72522,42252.46200747638,2.2349997,746.7885958851981,16.880646,1760990547274.7715,0.0,0.0,0.0,0.0,0.0,0.0,0.0,0.0,0.0,0.0,0.0
29.675250838703022,50.592021639951845,28.588791886429323,5.799048010273453,438.54184738186706,1.156028,165.59284232117164,8.756801,242.0410096298245,0.717326,93.14397744825402,5.433675,11.418216110370855,14.943957817273784,306.0591366445433,1.0945835,95.94550060733147,8.291365,332.747229977068,1.2098901,81.53523100310352,9.164802,59.23429295687504,43.75709678362378,0.32616784077144223,53.59691947595838,0.75789946,119.76784779225446,5.741015,760.6041128173089,0.84812784,141.41072147916907,6.424486,22.701808416872503,0.6255913,332.8539711805447,4.7387934,25.90769229128687,62.46047297269486,221.1855002330124,0.49814576,164.78075511480858,3.773406,42253.94668377852,1.4322132,747.8128230766187,10.848877,1760990547406.7864,0.0,0.0,0.0,0.0,0.0,0.0,0.0,0.0,0.0,0.0,0.0
29.675250838703022,50.592021639951845,28.588791886429323,5.799048010273453,438.54184738186706,1.156028,165.59284232117164,8.756801,242.0410096298245,0.717326,93.14397744825402,5.433675,11.418216110370855,14.943957817273784,306.0591366445433,1.0945835,95.94550060733147,8.291365,332.747229977068,1.2098901,81.53523100310352,9.164802,59.23429295687504,43.75709678362378,0.32616784077144223,53.59691947595838,0.75789946,119.76784779225446,5.741015,760.6041128173089,0.84812784,141.41072147916907,6.424486,22.701808416872503,0.6255913,332.8539711805447,4.7387934,25.90769229128687,62.46047297269486,221.1855002330124,0.49814576,164.78075511480858,3.773406,42253.94668377852,1.4322132,747.8128230766187,10.848877,1760990547406.7864,0.0,0.0,0.0,0.0,0.0,0.0,0.0,0.0,0.0,0.0,0.0
29.600582985037924,52.99715314231138,27.70500591189868,6.211789932558708,456.79560516721443,1.468073,166.36932560206125,11.190522,237.81038764168906,0.9472751,92.44352292407832,7.220692,11.770401172100176,16.65900914104734,323.3849722516784,1.0658216,97.97132048492314,8.124324,375.44504945789146,0.8137072,83.51002707705092,6.202558,60.37464381660272,45.168549044558866,0.46316576491794437,70.82707544502416,0.9225452,122.61458334901556,7.0321865,810.195389620651,0.92945254,144.68565271023868,7.084839,31.394048648666125,0.88309884,339.8757859656688,6.731503,27.190026532894272,109.51581594064805,226.85530957767753,0.66890806,165.29051135045952,5.098814,42155.21545080326,1.7306093,746.8438573343611,13.19173,1760990547537.9753,0.0,0.0,0.0,0.0,0.0,0.0,0.0,0.0,0.0,0.0,0.0
29.600582985037924,52.99715314231138,27.70500591189868,6.211789932558708,456.79560516721443,1.468073,166.36932560206125,11.190522,237.81038764168906,0.9472751,92.44352292407832,7.220692,11.770401172100176,16.65900914104734,323.3849722516784,1.0658216,97.97132048492314,8.124324,375.44504945789146,0.8137072,83.51002707705092,6.202558,60.37464381660272,45.168549044558866,0.46316576491794437,70.82707544502416,0.9225452,122.61458334901556,7.0321865,810.195389620651,0.92945254,144.68565271023868,7.084839,31.394048648666125,0.88309884,339.8757859656688,6.731503,27.190026532894272,109.51581594064805,226.85530957767753,0.66890806,165.29051135045952,5.098814,42155.21545080326,1.7306093,746.8438573343611,13.19173,1760990547537.9753,0.0,0.0,0.0,0.0,0.0,0.0,0.0,0.0,0.0,0.0,0.0
30.52315693565478,56.14370741473599,30.529576462783385,8.25501495580447,482.28145640510076,0.893122,167.36118253365035,6.715327,257.34146023167017,0.7697196,91.10051837161481,5.787472,11.959245546528603,13.24370586152682,325.4744867652397,1.3294084,96.8241732434319,9.995736,289.398108246722,1.5802393,78.0273419422474,11.881717,59.85845473506119,43.62635530373858,0.2599673196282017,66.65069234790916,1.4914145,115.68942967894642,11.21385,695.2166070749407,2.3699336,135.97700371940047,17.819378,27.292939418403783,2.0904572,321.1361645420958,15.718012,25.190267423865638,99.59575556017131,215.61122300501435,1.1717339,164.66989854225673,8.81019,42355.11136092047,2.905972,748.1944968131328,21.849815,1760990547670.973,0.0,0.0,0.0,0.0,0.0,0.0,0.0,0.0,0.0,0.0,0.0
30.52315693565478,56.14370741473599,30.529576462783385,8.25501495580447,482.28145640510076,0.893122,167.36118253365035,6.715327,257.34146023167017,0.7697196,91.10051837161481,5.787472,11.959245546528603,13.24370586152682,325.4744867652397,1.3294084,96.8241732434319,9.995736,289.398108246722,1.5802393,78.0273419422474,11.881717,59.85845473506119,43.62635530373858,0.2599673196282017,66.65069234790916,1.4914145,115.68942967894642,11.21385,695.2166070749407,2.3699336,135.97700371940047,17.819378,27.292939418403783,2.0904572,321.1361645420958,15.718012,25.190267423865638,99.59575556017131,215.61122300501435,1.1717339,164.66989854225673,8.81019,42355.11136092047,2.905972,748.1944968131328,21.849815,1760990547670.973,0.0,0.0,0.0,0.0,0.0,0.0,0.0,0.0,0.0,0.0,0.0
30.51657329215647,58.809706100925425,31.458904975376022,9.452366099577066,496.8485892348604,0.268672,168.96627198163443,2.0227153,261.2543183373256,1.73728,91.93709624909575,13.07923,11.844625917018236,13.192013941878313,323.8481434061738,0.65376353,96.89307091813657,4.9219027,286.4613866214624,0.47525916,77.98400258276816,3.578021,59.380360436632735,44.61398445346392,0.6604145061237717,85.61869916329864,1.1224942,117.95353083911132,8.450774,752.4641628959941,0.6955241,138.66286870851158,5.2363005,31.896499051659156,1.0422041,326.6153879187198,7.846305,26.992932453169423,127.3784199182443,233.71844850192159,0.30277008,164.458970730929,2.2794254,42296.832800540884,1.8093972,746.673459254181,13.622171,1760990547803.8003,0.0,0.0,0.0,0.0,0.0,0.0,0.0,0.0,0.0,0.0,0.0
30.51657329215647,58.809706100925425,31.458904975376022,9.452366099577066,496.8485892348604,0.268672,168.96627198163443,2.0227153,261.2543183373256,1.73728,91.93709624909575,13.07923,11.844625917018236,13.192013941878313,323.8481434061738,0.65376353,96.89307091813657,4.9219027,286.4613866214624,0.47525916,77.98400258276816,3.578021,59.380360436632735,44.61398445346392,0.6604145061237717,85.61869916329864,1.1224942,117.95353083911132,8.450774,752.4641628959941,0.6955241,138.66286870851158,5.2363005,31.896499051659156,1.0422041,326.6153879187198,7.846305,26.992932453169423,127.3784199182443,233.71844850192159,0.30277008,164.458970730929,2.2794254,42296.832800540884,1.8093972,746.673459254181,13.622171,1760990547803.8003,0.0,0.0,0.0,0.0,0.0,0.0,0.0,0.0,0.0,0.0,0.0
30.14888098662464,58.962160336847106,32.272919713721535,8.882467303150479,499.8149674081093,2.6433945,168.79598328011767,20.283863,270.6891737734699,0.8198981,92.44756636203796,6.291419,12.490514588325919,13.297934065767642,339.6880390620964,1.1192,96.74431153689707,8.588085,295.92449098478755,0.8924154,79.52150410468359,6.8478737,60.67431170459636,46.54168612486669,0.38241337453348156,84.98814803184081,0.61834395,120.95943980266519,4.74481,791.1430867913182,0.9442661,141.64682108086205,7.245745,36.877555342521326,0.7416777,334.190226944136,5.691201,27.987277662847383,149.50650263865916,234.29885285331056,0.2895552,165.29550738764533,2.2218773,42621.94259963902,1.6779072,749.6234035071113,12.875278,1760990547934.1204,0.0,0.0,0.0,0.0,0.0,0.0,0.0,0.0,0.0,0.0,0.0
30.14888098662464,58.962160336847106,32.272919713721535,8.882467303150479,499.8149674081093,2.6433945,168.79598328011767,20.283863,270.6891737734699,0.8198981,92.44756636203796,6.291419,12.490514588325919,13.297934065767642,339.6880390620964,1.1192,96.74431153689707,8.588085,295.92449098478755,0.8924154,79.52150410468359,6.8478737,60.67431170459636,46.54168612486669,0.38241337453348156,84.98814803184081,0.61834395,120.95943980266519,4.74481,791.1430867913182,0.9442661,141.64682108086205,7.245745,36.877555342521326,0.7416777,334.190226944136,5.691201,27.987277662847383,149.50650263865916,234.29885285331056,0.2895552,165.29550738764533,2.2218773,42621.94259963902,1.6779072,749.6234035071113,12.875278,1760990547934.1204,0.0,0.0,0.0,0.0,0.0,0.0,0.0,0.0,0.0,0.0,0.0
31.125330557627304,61.106496748403345,32.07832344723399,10.671903041385423,513.2345905894077,0.91150165,169.28479942865945,6.9110937,283.1629903603802,1.6214952,95.33478698217021,12.294334,12.351749109474786,14.070195431595545,340.8632202420597,0.306885,98.00689941923106,2.3268316,310.8771236726183,0.51815975,79.68538689667658,3.9287367,61.61033519127724,47.475216888068545,0.320123331033091,93.45596759672459,0.35018754,123.54761274250842,2.6551557,792.3653234714573,0.68827146,143.60833974011595,5.218541,42.59453804050921,0.8887834,340.62223838367083,6.738842,27.526335813498598,173.42874610432764,248.10602453788673,0.25745016,167.11303861978462,1.9520118,42765.557688179164,0.84565395,750.2673547776413,6.41183,1760990548066.01,0.0,0.0,0.0,0.0,0.0,0.0,0.0,0.0,0.0,0.0,0.0
31.125330557627304,61.106496748403345,32.07832344723399,10.671903041385423,513.2345905894077,0.91150165,169.28479942865945,6.9110937,283.1629903603802,1.6214952,95.33478698217021,12.294334,12.351749109474786,14.070195431595545,340.8632202420597,0.306885,98.00689941923106,2.3268316,310.8771236726183,0.51815975,79.68538689667658,3.9287367,61.61033519127724,47.475216888068545,0.320123331033091,93.45596759672459,0.35018754,123.54761274250842,2.6551557,792.3653234714573,0.68827146,143.60833974011595,5.218541,42.59453804050921,0.8887834,340.62223838367083,6.738842,27.526335813498598,173.42874610432764,248.10602453788673,0.25745016,167.11303861978462,1.9520118,42765.557688179164,0.84565395,750.2673547776413,6.41183,1760990548066.01,0.0,0.0,0.0,0.0,0.0,0.0,0.0,0.0,0.0,0.0,0.0
31.598324106857195,63.05352257628758,32.58308835914584,12.133666590452695,522.734392007352,0.71521926,169.0198959379086,5.39201,288.3859725452894,2.043846,97.2425191887127,15.408472,12.002307335977736,12.907585343758845,325.3702962596317,0.8982469,95.86952501077852,6.7718477,296.3892514352643,1.0779012,81.1947676905107,8.126255,62.83691085424826,47.362428953850454,0.5153258588543976,107.4814139944612,1.560011,125.45392283968943,11.760862,776.8963239236662,1.2367706,144.21419998718744,9.323965,45.7798346909694,1.1996439,344.8387468709818,9.044067,26.598734258341025,197.04801911932267,270.4152189105985,0.79372567,171.36881877352513,5.983866,43115.93020495173,1.1140721,753.2765546875917,8.398946,1760990548198.6543,0.0,0.0,0.0,0.0,0.0,0.0,0.0,0.0,0.0,0.0,0.0
31.598324106857195,63.05352257628758,32.58308835914584,12.133666590452695,522.734392007352,0.71521926,169.0198959379086,5.39201,288.3859725452894,2.043846,97.2425191887127,15.408472,12.002307335977736,12.907585343758845,325.3702962596317,0.8982469,95.86952501077852,6.7718477,296.3892514352643,1.0779012,81.1947676905107,8.126255,62.83691085424826,47.362428953850454,0.5153258588543976,107.4814139944612,1.560011,125.45392283968943,11.760862,776.8963239236662,1.2367706,144.21419998718744,9.323965,45.7798346909694,1.1996439,344.8387468709818,9.044067,26.598734258341025,197.04801911932267,270.4152189105985,0.79372567,171.36881877352513,5.983866,43115.93020495173,1.1140721,753.2765546875917,8.398946,1760990548198.6543,0.0,0.0,0.0,0.0,0.0,0.0,0.0,0.0,0.0,0.0,0.0
31.955829764459573,56.79381901081216,29.60146949557061,9.16172214047139,476.45133462316437,2.3841655,167.41471593779252,18.106335,284.7653443430686,5.1960044,107.2745834905674,39.460594,11.678831770309305,12.690822952549993,313.43908817916395,1.752571,95.5894416025319,13.309744,282.394573811264,2.1633046,79.88424114179648,16.429024,60.865479862793705,47.95660232904398,0.2978906057608301,105.1770574052671,2.7732782,129.95364973710738,21.061417,798.3555250930331,1.9727955,147.33653079531103,14.98222,52.532404339023486,1.3597996,356.4195390724425,10.326878,25.400453796237528,226.31771633009242,320.6172007526033,2.147901,171.84683174830778,16.312044,43337.49953039111,3.1325784,752.4507676495593,23.790089,1760990548330.33,0.0,0.0,0.0,0.0,0.0,0.0,0.0,0.0,0.0,0.0,0.0
31.955829764459573,56.79381901081216,29.60146949557061,9.16172214047139,476.45133462316437,2.3841655,167.41471593779252,18.106335,284.7653443430686,5.1960044,107.2745834905674,39.460594,11.678831770309305,12.690822952549993,313.43908817916395,1.752571,95.5894416025319,13.309744,282.394573811264,2.1633046,79.88424114179648,16.429024,60.865479862793705,47.95660232904398,0.2978906057608301,105.1770574052671,2.7732782,129.95364973710738,21.061417,798.3555250930331,1.9727955,147.33653079531103,14.98222,52.532404339023486,1.3597996,356.4195390724425,10.326878,25.400453796237528,226.31771633009242,320.6172007526033,2.147901,171.84683174830778,16.312044,43337.49953039111,3.1325784,752.4507676495593,23.790089,1760990548330.33,0.0,0.0,0.0,0.0,0.0,0.0,0.0,0.0,0.0,0.0,0.0
31.001162485567693,56.764407631178806,29.972030183992132,8.323618094887605,470.1450002213359,2.145311,162.04375827171975,16.216785,295.8493315372225,2.0035896,110.81148271369473,15.145489,11.84797993207052,12.915876450661022,313.6536663088569,2.3830934,93.66663407005382,18.014223,295.89508143385194,0.980687,81.63142628620312,7.413186,61.6435731847733,50.597139351340005,0.2754351061389083,112.94124481261184,1.4747328,129.68657365356663,11.147765,745.9596895262375,1.4010656,145.32328848765675,10.590902,57.770681968859954,1.4010656,353.50626346761186,10.590902,25.281405411000105,259.2317814609893,339.3269833007597,1.7832478,169.88392856919282,13.479884,42870.70694741097,2.9645271,746.8715786977294,22.409382,1760990548462.6196,0.0,0.0,0.0,0.0,0.0,0.0,0.0,0.0,0.0,0.0,0.0
31.001162485567693,56.764407631178806,29.972030183992132,8.323618094887605,470.1450002213359,2.145311,162.04375827171975,16.216785,295.8493315372225,2.0035896,110.81148271369473,15.145489,11.84797993207052,12.915876450661022,313.6536663088569,2.3830934,93.66663407005382,18.014223,295.89508143385194,0.980687,81.63142628620312,7.413186,61.6435731847733,50.597139351340005,0.2754351061389083,112.94124481261184,1.4747328,129.68657365356663,11.147765,745.9596895262375,1.4010656,145.32328848765675,10.590902,57.770681968859954,1.4010656,353.50626346761186,10.590902,25.281405411000105,259.2317814609893,339.3269833007597,1.7832478,169.88392856919282,13.479884,42870.70694741097,2.9645271,746.8715786977294,22.409382,1760990548462.6196,0.0,0.0,0.0,0.0,0.0,0.0,0.0,0.0,0.0,0.0,0.0
31.238425608431797,56.105589072470714,28.442835727378966,7.892907701969443,474.1466105544604,2.7972617,163.12435244846503,21.135397,274.0507105711221,1.602458,112.2449217691244,12.107766,11.950391027642356,13.405214794715018,310.87592183841025,1.0618362,92.656697702861,8.0229645,305.90999347350356,1.7421083,82.43053336881437,13.162928,62.0956028281157,50.00238339188811,0.09382273502347738,95.15668284736049,1.2605712,132.96376325864216,9.524556,777.1888474008898,1.407714,149.7011068347147,10.63633,51.62727684842107,1.5483274,364.9707427773058,11.698769,24.69877585704885,223.97875616910193,348.44583092140726,1.4515592,171.73766252185152,10.967612,42926.91292139635,3.247497,747.8113500011384,24.537262,1760990548594.9692,0.0,0.0,0.0,0.0,0.0,0.0,0.0,0.0,0.0,0.0,0.0
31.238425608431797,56.105589072470714,28.442835727378966,7.892907701969443,474.1466105544604,2.7972617,163.12435244846503,21.135397,274.0507105711221,1.602458,112.2449217691244,12.107766,11.950391027642356,13.405214794715018,310.87592183841025,1.0618362,92.656697702861,8.0229645,305.90999347350356,1.7421083,82.43053336881437,13.162928,62.0956028281157,50.00238339188811,0.09382273502347738,95.15668284736049,1.2605712,132.96376325864216,9.524556,777.1888474008898,1.407714,149.7011068347147,10.63633,51.62727684842107,1.5483274,364.9707427773058,11.698769,24.69877585704885,223.97875616910193,348.44583092140726,1.4515592,171.73766252185152,10.967612,42926.91292139635,3.247497,747.8113500011384,24.537262,1760990548594.9692,0.0,0.0,0.0,0.0,0.0,0.0,0.0,0.0,0.0,0.0,0.0
31.118993796362567,48.70387301724295,27.85091821944486,9.731473655760878,429.5360166627724,4.101385,153.00777407842298,31.26488,296.7827646816864,2.0125437,119.44065507990541,15.341628,10.151613555979548,13.664850915782969,263.9611203457217,0.73830926,92.10563015999811,5.6281343,334.22712174859817,2.4096942,87.89958481593398,18.36911,60.31675547869798,51.88972988764962,0.5040272681409518,94.25112302266601,2.5438142,128.94921498160411,19.391506,828.5406283118476,2.1444142,148.55786132233268,16.346878,44.44945621775315,0.95595497,356.03949303396575,7.2872486,28.267015431161955,179.00079143246316,421.1160756171187,3.182106,168.41613119619257,24.257206,42537.92610888251,4.837566,742.8689846402073,36.876785,1760990548726.1511,0.0,0.0,0.0,0.0,0.0,0.0,0.0,0.0,0.0,0.0,0.0
31.118993796362567,48.70387301724295,27.85091821944486,9.731473655760878,429.5360166627724,4.101385,153.00777407842298,31.26488,296.7827646816864,2.0125437,119.44065507990541,15.341628,10.151613555979548,13.664850915782969,263.9611203457217,0.73830926,92.10563015999811,5.6281343,334.22712174859817,2.4096942,87.89958481593398,18.36911,60.31675547869798,51.88972988764962,0.5040272681409518,94.25112302266601,2.5438142,128.94921498160411,19.391506,828.5406283118476,2.1444142,148.55786132233268,16.346878,44.44945621775315,0.95595497,356.03949303396575,7.2872486,28.267015431161955,179.00079143246316,421.1160756171187,3.182106,168.41613119619257,24.257206,42537.92610888251,4.837566,742.8689846402073,36.876785,1760990548726.1511,0.0,0.0,0.0,0.0,0.0,0.0,0.0,0.0,0.0,0.0,0.0
29.40888935427513,46.67711598025258,29.293479531926266,11.731352330506487,414.6316644738117,1.1410763,149.21184127924357,8.595489,307.18048828775505,3.0834706,117.29432287392564,23.227139,11.549422452633126,13.360687915419584,296.95943012536696,1.9494972,92.12538292286754,14.685154,311.1982774520897,1.6565919,84.42432363910908,12.47876,59.78305526923227,50.37719612141653,2.972090190024352,172.94341808408575,1.3777134,129.85435984834731,10.378027,787.9082022939335,1.4216596,149.4190854850649,10.7090645,43.7551670618747,1.1560287,358.9832529054005,8.708122,28.043567535314377,187.38435049833257,407.0043208664714,0.8507806,165.89044875005723,6.408752,41960.36595770143,2.3054595,737.9384381026736,17.366547,1760990548858.904,0.0,0.0,0.0,0.0,0.0,0.0,0.0,0.0,0.0,0.0,0.0
29.40888935427513,46.67711598025258,29.293479531926266,11.731352330506487,414.6316644738117,1.1410763,149.21184127924357,8.595489,307.18048828775505,3.0834706,117.29432287392564,23.227139,11.549422452633126,13.360687915419584,296.95943012536696,1.9494972,92.12538292286754,14.685154,311.1982774520897,1.6565919,84.42432363910908,12.47876,59.78305526923227,50.37719612141653,2.972090190024352,172.94341808408575,1.3777134,129.85435984834731,10.378027,787.9082022939335,1.4216596,149.4190854850649,10.7090645,43.7551670618747,1.1560287,358.9832529054005,8.708122,28.043567535314377,187.38435049833257,407.0043208664714,0.8507806,165.89044875005723,6.408752,41960.36595770143,2.3054595,737.9384381026736,17.366547,1760990548858.904,0.0,0.0,0.0,0.0,0.0,0.0,0.0,0.0,0.0,0.0,0.0
29.2171534811804,46.80352185806665,27.801704392922602,10.538433515291947,411.5883642249954,3.9015212,146.26590973473955,29.636736,296.4406612916711,2.262155,119.31822204491624,17.183783,11.965923297218149,14.169997013767206,307.5876528292118,3.053738,92.04160754217742,23.196806,335.5744419800401,2.2401752,85.83917760447092,17.016819,58.629944153396885,50.78211761607618,7.04522601286765,310.64995070828127,2.9269466,123.47469159627771,22.233671,903.3229537080133,4.0186214,147.9308505205402,30.526253,61.44291427862198,2.498817,338.8571376633189,18.981514,34.14730310101328,271.2809523537024,409.93885188568214,0.6898521,165.0108089495029,5.2402544,41572.09702483661,4.108784,734.005137620526,31.211147,1760990548990.5488,0.0,0.0,0.0,0.0,0.0,0.0,0.0,0.0,0.0,0.0,0.0
29.2171534811804,46.80352185806665,27.801704392922602,10.538433515291947,411.5883642249954,3.9015212,146.26590973473955,29.636736,296.4406612916711,2.262155,119.31822204491624,17.183783,11.965923297218149,14.169997013767206,307.5876528292118,3.053738,92.04160754217742,23.196806,335.5744419800401,2.2401752,85.83917760447092,17.016819,58.629944153396885,50.78211761607618,7.04522601286765,310.64995070828127,2.9269466,123.47469159627771,22.233671,903.3229537080133,4.0186214,147.9308505205402,30.526253,61.44291427862198,2.498817,338.8571376633189,18.981514,34.14730310101328,271.2809523537024,409.93885188568214,0.6898521,165.0108089495029,5.2402544,41572.09702483661,4.108784,734.005137620526,31.211147,1760990548990.5488,0.0,0.0,0.0,0.0,0.0,0.0,0.0,0.0,0.0,0.0,0.0
28.590652016563357,45.92320868550955,27.926545600349552,10.783343168922459,403.70699444976174,0.69122785,146.6236439667827,5.246132,301.4122276113248,2.2024777,120.82564481389348,16.71589,13.541329431723739,14.147929215824576,346.9607019996438,0.6574806,93.29598544770097,4.9900045,335.047642620663,0.926592,85.6678051493077,7.032448,58.31632775493319,53.106536000138284,8.479851446656431,355.30518403343194,0.58103156,123.31308278262546,4.409788,848.0053641322274,1.1249517,146.68762315788211,8.537916,62.96030901379378,0.737237,337.3365955338537,5.595322,33.746576775646815,288.3306129286766,459.0323408164117,1.5871229,168.31313258494356,12.045603,41458.2210067859,1.6564916,733.7600473779027,12.5720825,1760990549122.3083,0.0,0.0,0.0,0.0,0.0,0.0,0.0,0.0,0.0,0.0,0.0
28.590652016563357,45.92320868550955,27.926545600349552,10.783343168922459,403.70699444976174,0.69122785,146.6236439667827,5.246132,301.4122276113248,2.2024777,120.82564481389348,16.71589,13.541329431723739,14.147929215824576,346.9607019996438,0.6574806,93.29598544770097,4.9900045,335.047642620663,0.926592,85.6678051493077,7.032448,58.31632775493319,53.106536000138284,8.479851446656431,355.30518403343194,0.58103156,123.31308278262546,4.409788,848.0053641322274,1.1249517,146.68762315788211,8.537916,62.96030901379378,0.737237,337.3365955338537,5.595322,33.746576775646815,288.3306129286766,459.0323408164117,1.5871229,168.31313258494356,12.045603,41458.2210067859,1.6564916,733.7600473779027,12.5720825,1760990549122.3083,0.0,0.0,0.0,0.0,0.0,0.0,0.0,0.0,0.0,0.0,0.0
28.212129909374553,42.39457417469776,27.280709848957205,9.786469464153678,378.54468004378776,4.299172,149.54046532420233,32.549255,290.11675534298104,3.021405,115.39741690689931,22.875216,11.768433805261177,13.534962274302192,300.2526272512138,1.7372798,93.06941074723441,13.153037,313.83937282544605,3.3035517,84.06158727718206,25.011362,59.22751537297171,51.53390836640943,7.450217242945567,326.9298770625841,2.2639666,123.72327066564301,17.14061,855.2690925200136,2.310933,146.6230739183763,17.496197,63.016945887538746,2.0158331,339.0951498547152,15.261978,32.77536782283104,283.46205919388905,409.7318319685192,2.0055215,168.38287360665225,15.183909,41575.79510040224,4.081456,735.7655043266222,30.900919,1760990549254.3904,0.0,0.0,0.0,0.0,0.0,0.0,0.0,0.0,0.0,0.0,0.0
28.212129909374553,42.39457417469776,27.280709848957205,9.786469464153678,378.54468004378776,4.299172,149.54046532420233,32.549255,290.11675534298104,3.021405,115.39741690689931,22.875216,11.768433805261177,13.534962274302192,300.2526272512138,1.7372798,93.06941074723441,13.153037,313.83937282544605,3.3035517,84.06158727718206,25.011362,59.22751537297171,51.53390836640943,7.450217242945567,326.9298770625841,2.2639666,123.72327066564301,17.14061,855.2690925200136,2.310933,146.6230739183763,17.496197,63.016945887538746,2.0158331,339.0951498547152,15.261978,32.77536782283104,283.46205919388905,409.7318319685192,2.0055215,168.38287360665225,15.183909,41575.79510040224,4.081456,735.7655043266222,30.900919,1760990549254.3904,0.0,0.0,0.0,0.0,0.0,0.0,0.0,0.0,0.0,0.0,0.0
28.074906493754597,41.855823676586965,26.223545596815278,7.678120629830651,374.8090303017631,1.3204541,154.31351695406295,9.9978,266.81410439853175,1.3428468,110.98466590790335,10.167347,12.0173838826591,14.250375355722666,318.82642205974065,0.56253725,96.20184647939375,4.259243,315.12434330693645,0.6836845,81.62160100681412,5.176508,60.02884164769886,49.335750301763404,6.158232785870947,278.9251906041341,1.3326895,122.01362487277065,10.090441,815.7606084431678,1.3092337,144.08851399836874,9.912846,59.19170609968277,0.89687496,334.9160315252391,6.790677,31.173513361669816,271.2219509390796,376.8791722982291,1.2444148,169.03995329817204,9.42207,41532.26913567621,2.2437,736.1005164127097,16.988146,1760990549386.4648,0.0,0.0,0.0,0.0,0.0,0.0,0.0,0.0,0.0,0.0,0.0
28.074906493754597,41.855823676586965,26.223545596815278,7.678120629830651,374.8090303017631,1.3204541,154.31351695406295,9.9978,266.81410439853175,1.3428468,110.98466590790335,10.167347,12.0173838826591,14.250375355722666,318.82642205974065,0.56253725,96.20184647939375,4.259243,315.12434330693645,0.6836845,81.62160100681412,5.176508,60.02884164769886,49.335750301763404,6.158232785870947,278.9251906041341,1.3326895,122.01362487277065,10.090441,815.7606084431678,1.3092337,144.08851399836874,9.912846,59.19170609968277,0.89687496,334.9160315252391,6.790677,31.173513361669816,271.2219509390796,376.8791722982291,1.2444148,169.03995329817204,9.42207,41532.26913567621,2.2437,736.1005164127097,16.988146,1760990549386.4648,0.0,0.0,0.0,0.0,0.0,0.0,0.0,0.0,0.0,0.0,0.0
